source_name,author,title,description,url,url_to_image,published_at,content
Yahoo Entertainment,Hamza Shaban,Morning Brief: A big day for inflation,"The Fed's preferred inflation gauge showed pricing pressures remained elevated for the month of February, even before the US and Israel began their military ...",https://finance.yahoo.com/news/morning-brief-a-big-day-for-inflation-100052155.html,https://s.yimg.com/ny/api/res/1.2/1zwMhDOoAPUaU2PPk1g6Wg--/YXBwaWQ9aGlnaGxhbmRlcjt3PTEyMDA7aD03MjM7Y2Y9d2VicA--/https://s.yimg.com/os/creatr-uploaded-images/2026-04/4442d6f0-345d-11f1-b367-42741f02b771,2026-04-10T10:00:52Z,"Good morning! Oil prices surged on Thursday as the ceasefire's precariousness became clearer, but markets reversed losses after Israel agreed to negotiations with Lebanon.
But the stock market didn'… [+9607 chars]"
Ibtimes.com.au,Daniel Lee,10 Best AI Chip Makers in 2026: NVIDIA Dominates AI Chip Race as Market Surges Toward $500 Billion Milestone,"SAN FRANCISCO — NVIDIA Corp. solidified its commanding lead in the exploding artificial intelligence chip sector in early 2026, capturing roughly 80-85% of the AI accelerator market while the broader AI semiconductor industry hurtled toward half a trillion do…",https://www.ibtimes.com.au/10-best-ai-chip-makers-2026-nvidia-dominates-ai-chip-race-market-surges-toward-500-billion-1866051,https://d.ibtimes.com.au/en/full/1858708/tech-giants-ai-race-have-been-spending-billions-dollars-gpus-made-nvidia-considered-leader.jpg,2026-04-10T09:46:44Z,"SAN FRANCISCO — NVIDIA Corp. solidified its commanding lead in the exploding artificial intelligence chip sector in early 2026, capturing roughly 80-85% of the AI accelerator market while the broader… [+8971 chars]"
Tom's Hardware UK,Zak Killian,"Ambitious hacker reduces worst-case memory latency by up to 93%, but with severe downsides — 1960s bottleneck overcome by hedging memory accesses to avoid running into DRAM refresh stalls","The clever software trick works on both x86 and Arm to radically reduce worst-case memory latency, but it has severe limitations, too.",https://www.tomshardware.com/software/ambitious-hacker-reduces-worst-case-memory-latency-by-up-to-93-percent-but-with-severe-downsides-1960s-bottleneck-overcome-by-hedging-memory-accesses-to-avoid-running-into-dram-refresh-stalls,https://cdn.mos.cms.futurecdn.net/NQmsyhzefFY96H2vVzpPZJ-1920-80.jpg,2026-04-10T09:26:17Z,"A method devised by YouTuber, Googler, and security researcher LaurieWired could have huge implications for a very few specific use cases and workloads that are highly sensitive to ""tail latency,"" or… [+7720 chars]"
Ibtimes.com.au,Mike Clair,Ocular Therapeutix Stock Surges 10% Past $9 on Fresh SOL-1 Data Presentations for AXPAXLI,"Ocular Therapeutix Inc. shares jumped more than 10% Thursday to close at $9.30 as investors bet on the biotech firm's momentum in retinal disease treatments, fueled by upcoming presentations of additional positive data from its landmark SOL-1 Phase 3 superior…",https://www.ibtimes.com.au/ocular-therapeutix-stock-surges-10-past-9-fresh-sol-1-data-presentations-axpaxli-1865990,https://d.ibtimes.com.au/en/full/1893555/ocular-therapeutix.jpg,2026-04-10T04:55:09Z,"Ocular Therapeutix Inc. shares jumped more than 10% Thursday to close at $9.30 as investors bet on the biotech firm's momentum in retinal disease treatments, fueled by upcoming presentations of addit… [+7804 chars]"
Ozbargain.com.au,evatech,"Gaming PC: 7800X3D, RTX 5070 Ti, 32GB 6000/C36 DDR5, B850M WiFi, 1TB SSD, 750W $2999 / $1694 BYO GPU + Del (VIC C&C) @ Evatech","We're getting excited for next month's anticipated release of 007 First Light & Forza Horizon 6, so this offer has a little theme. But don't worry, if these games aren't your …",https://www.ozbargain.com.au/node/955129,https://files.ozbargain.com.au/n/29/955129l.jpg?h=dea067a3,2026-04-10T02:07:43Z,"We're getting excited for next month's anticipated release of 007 First Light &amp; Forza Horizon 6, so this offer has a little theme. But don't worry, if these games aren't your thing, the PC still … [+4779 chars]"
The Times of India,ET Bureau,"TCS Q4 net profit jumps 12% to Rs 13,718 crore on strong deal wins, weak rupee","TCS reported a 12% net profit rise to ₹13,718 crore in Q4, exceeding expectations despite a 2.4% annual revenue decline in constant currency terms for FY26. The company saw strong AI revenue growth, crossing $2.3 billion, and secured significant deal wins, si…",https://economictimes.indiatimes.com/markets/stocks/earnings/tcs-q4-net-profit-jumps-12-to-rs-13718-crore-on-strong-deal-wins-weak-rupee/articleshow/130156439.cms,"https://img.etimg.com/thumb/msid-130156435,width-1200,height-630,imgsize-50536,overlay-etmarkets/articleshow.jpg",2026-04-10T00:45:24Z,"Mumbai|Bengaluru: Tata Consultancy Services (TCS), India's largest software services company, posted a 12% rise in net profit to 13,718 crore in the March quarter, while revenue rose 9.6% to 70,698 c… [+5400 chars]"
The Times of India,ETtech,"TCS Q4 profit up 12%, revenue rises 9.6% amidst AI growth and deal wins","Tata Consultancy Services reported a 12% rise in net profit to Rs 13,718 crore for the March quarter, exceeding analyst expectations. Despite a 2.4% annual revenue decline in constant currency for FY26, the company saw strong AI services revenue growth and se…",https://economictimes.indiatimes.com/tech/information-tech/tcs-q4-profit-up-12-revenue-rises-9-6-amidst-ai-growth-and-deal-wins/articleshow/130151669.cms,"https://img.etimg.com/thumb/width-1200,height-900,imgsize-68660,resizemode-75,msid-130151669/tech/information-tech/tcs-q4-profit-up-12-revenue-rises-9-6-amidst-ai-growth-and-deal-wins.jpg",2026-04-10T00:31:00Z,"Tata Consultancy Services (TCS), Indias largest software services company, posted a 12% rise in net profit to Rs 13,718 crore in the March quarter, while revenue rose 9.6% to 70,698 crore. Sequential… [+5693 chars]"
GlobeNewswire,Xanadu Quantum Technologies Limited,Xanadu Announces Fourth Quarter and Full Year 2025 Results,"Following its Public Listing in the First Quarter of 2026, Xanadu Entered 2026 with Strengthened Capital Resources to Execute Against a Multi-Year Technology Roadmap Spanning Fault Tolerance, Manufacturing Scale-Up, and Commercial Adoption",https://www.globenewswire.com/news-release/2026/04/09/3271451/0/en/Xanadu-Announces-Fourth-Quarter-and-Full-Year-2025-Results.html,,2026-04-09T21:06:00Z,"Following its Public Listing in the First Quarter of 2026, Xanadu Entered 2026 with Strengthened Capital Resources to Execute Against a Multi-Year Technology Roadmap Spanning Fault Tolerance, Manufac… [+31443 chars]"
Barchart.com,Wajeeh Khan,"As Amazon Takes on Chipmakers, Should You Buy AMZN Stock Here?",Amazon stock pushed higher as the company revealed plans of selling AI chips and announces $25 billion data center investment in Mississippi. Here’s why...,https://www.barchart.com/story/news/1230176/as-amazon-takes-on-chipmakers-should-you-buy-amzn-stock-here,https://s.yimg.com/ny/api/res/1.2/kZCggDz7pJZGPaywOdGV7A--/YXBwaWQ9aGlnaGxhbmRlcjt3PTEyMDA7aD04MDA-/https://media.zenfs.com/en/barchart_com_477/53921926b0ea4c196011ac50e860a881,2026-04-09T20:49:00Z,"Amazon (AMZN) shares ripped higher on Thursday after CEO Andy Jassy said the company could start selling artificial intelligence (AI) chips directly to third parties.
Adding to momentum on April 9 w… [+2798 chars]"
Tom's Hardware UK,"ashilov@gmail.com (Anton Shilov) , Anton Shilov","Fueled by Musk's TeraFab tie-in, Intel's market cap hits highest level in 25 years — tops $300 billion on CPU, AI, and foundry momentum","Intel tops $300 billion, its highest market capitalization in 25 years on AI, CPU, and foundry announcements momentum.",https://www.tomshardware.com/pc-components/cpus/fueled-by-musks-terafab-tie-in-intels-market-cap-hits-highest-level-in-25-years-tops-usd300-billion-on-cpu-ai-and-foundry-momentum,https://cdn.mos.cms.futurecdn.net/ADBoEQA3CwEZ7y6EuN4hKX-2560-80.jpg,2026-04-09T19:21:06Z,"With production of Core Ultra 300 'Panther Lake' and Xeon 6+ 'Clearwater Forest' ramping at Intel's fab in Arizona, Intel is seemingly on the right track to recovery in the coming years. While it's n… [+2942 chars]"
Theregister.com,Tobias Mann,"Google wants more Intel inside ... its datacenters, taps Chipzilla for more SmartNICs","Custom ASIC biz now running at a $1B annual pace for Intel
Google will continue to work with Intel, buying SmartNICs for its public cloud rather than blazing its own trail as AWS has done with its Nitro NICs.…",https://www.theregister.com/2026/04/09/google_intel_ipu/,https://regmedia.co.uk/2023/01/20/shutterstock_intel.jpg,2026-04-09T19:03:41Z,"Google will continue to work with Intel, buying SmartNICs for its public cloud rather than blazing its own trail as AWS has done with its Nitro NICs.
Like most hyperscalers today, Google employs Sma… [+2666 chars]"
The Next Web,Ana Maria Constantin,Google Cloud deepens AI infrastructure partnership with Intel across Xeon and custom chips,In short: Google Cloud and Intel have announced a deepened multi-year AI infrastructure partnership covering both CPU deployment and custom chip co-development. Google Cloud will continue adopting Intel’s Xeon 6 processors across its global infrastructure for…,https://thenextweb.com/news/revolut-uk-bank-licence-mobilisation-five-years/,https://cdn0.tnwcdn.com/wp-content/blogs.dir/1/files/2026/04/google-intel-ai-infrastructure-partnership.png,2026-04-09T19:02:38Z,In short: Google Cloud and Intel have announced a deepened multi-year AI infrastructure partnership covering both CPU deployment and custom chip co-development. Google Cloud will continue adopting In… [+8074 chars]
The Next Web,Alina Maria Stan,"Amazon’s chip business could be worth $50 billion, Jassy says, and he hints it may sell them externally","In short: Andy Jassy’s annual letter to shareholders, published on 9 April 2026, reveals that Amazon’s custom chip business, covering Graviton, Trainium, and Nitro, generates more than $20 billion in annualised revenue growing at triple-digit rates year-on-ye…",https://thenextweb.com/news/amazon-custom-chips-jassy-letter-fifty-billion-trainium/,https://cdn0.tnwcdn.com/wp-content/blogs.dir/1/files/2026/04/amazon-custom-chips-jassy-letter-fifty-billion-trainium.png,2026-04-09T18:30:46Z,"In short: Andy Jassys annual letter to shareholders, published on 9 April 2026, reveals that Amazons custom chip business, covering Graviton, Trainium, and Nitro, generates more than $20 billion in a… [+7063 chars]"
Ibtimes.com.au,Mike Clair,"Intel Stock Surges Past $60 as Analyst Upgrade, Terafab Partnership and Foundry Momentum Fuel Turnaround Hopes","SANTA CLARA, Calif. — Intel Corp. shares climbed more than 2.5% Thursday, breaking above $60 for the first time in years, as renewed optimism around the chipmaker's foundry business, a high-profile partnership with Elon Musk's Terafab project and a fresh anal…",https://www.ibtimes.com.au/intel-stock-surges-past-60-analyst-upgrade-terafab-partnership-foundry-momentum-fuel-turnaround-1865939,https://d.ibtimes.com.au/en/full/1879924/executives-silicon-valley-chip-maker-intel-say-fluid-us-trade-policies-regulatory-moves-have.jpg,2026-04-09T18:30:43Z,"SANTA CLARA, Calif. — Intel Corp. shares climbed more than 2.5% Thursday, breaking above $60 for the first time in years, as renewed optimism around the chipmaker's foundry business, a high-profile p… [+6787 chars]"
ZDNet,Jack Wallen,I tested CuerdOS and its unique app lineup is even better than its blazing speed,CuerdOS is a niche Debian-based distro with a alternative approach to preinstalled software - and it's truly a breath of fresh air.,https://www.zdnet.com/article/cuerdos-debian-based-linux-distro-fast-and-unique/,https://www.zdnet.com/a/img/resize/7111c950fd131fd84acba120b4bcaf14e5673116/2026/04/06/21d7889b-378d-4f76-9904-e9e9aa9129ab/cuerdoshero.jpg?auto=webp&fit=crop&height=675&width=1200,2026-04-09T17:37:53Z,"Screenshot by Jack Wallen/ZDNET
Follow ZDNET: Add us as a preferred source on Google.
ZDNET's key takeaways
<ul><li>CuerdOS is a unique, Debian-based Linux distribution.</li><li>This distro offers… [+5813 chars]"
24/7 Wall St.,Rich Duprey,Are Intel Investors Tired of Winning Yet? Chipmaker Bags Another Big Score,"AI workloads have stretched data-center capacity to the limit. Hyperscalers now spend hundreds of billions annually to keep pace, yet GPUs handle only part...",https://247wallst.com/investing/2026/04/09/are-intel-investors-tired-of-winning-yet-chipmaker-bags-another-big-score/,https://s.yimg.com/ny/api/res/1.2/Np7O6Fp4EcfGlUCXCM6l_w--/YXBwaWQ9aGlnaGxhbmRlcjt3PTEyMDA7aD04MDA-/https://media.zenfs.com/en/24_7_wall_st__718/c2603d70f36cc09b0f63040f6a7ab924,2026-04-09T15:45:10Z,"<ul><li>Intel (INTC) locked in a multiyear collaboration with Google committing the search giant to multiple generations of Xeon processors for AI training, inference, and general-purpose computing, … [+5597 chars]"
Gizmodo.com,Kyle Barr,Laptops Are About to Get Very Exciting Again… Thanks to Nvidia,"Nvidia is about to throw another wrench into laptops led by Intel, AMD, and Qualcomm.",https://gizmodo.com/laptops-are-about-to-get-very-exciting-again-thanks-to-nvidia-2000744490,https://gizmodo.com/app/uploads/2026/02/Nvidia-CEO-Jensen-Huang-RTX-50-Series-GPU-1-1200x675.jpg,2026-04-09T15:15:00Z,Nvidia is gearing up to throw the entire laptop scene out of wack. Eagle-eyed leakers spotted a listing for a supposed Nvidia N1 chip housed on an engineering motherboard listed on the Chinese-langua… [+3027 chars]
Yahoo Entertainment,Daniel Howley,"Amazon CEO Jassy says company could sell AI chips, raising stakes for Nvidia, AMD",Amazon CEO Andy Jassy laid out plans to potentially sell AI chips and robots in his annual shareholder newsletter.,https://finance.yahoo.com/sectors/technology/article/amazon-ceo-jassy-says-company-could-sell-ai-chips-raising-stakes-for-nvidia-amd-142835117.html,https://s.yimg.com/ny/api/res/1.2/sVGPp_36Ce9le9ZDCFt1Ig--/YXBwaWQ9aGlnaGxhbmRlcjt3PTEyMDA7aD03OTk-/https://s.yimg.com/os/creatr-uploaded-images/2026-04/9d4913a0-340c-11f1-af77-cd111f4f9a31,2026-04-09T14:28:35Z,"Amazon (AMZN) CEO Andy Jassy released his annual shareholder newsletter on Thursday, outlining the companys approach to AI and indicating that Amazon is thinking about selling its own AI processors t… [+3825 chars]"
TelecomTV,Ray Le Maistre,Deep Networking specialist raises $125m,Aria Networks was formed 15 months ago with the aim of developing a networking system specifically for AI workloads It has already commercially launched its AI…,https://www.telecomtv.com/content/next-gen-telco-infra/deep-networking-specialist-raises-125m-55267/,https://assets.telecomtv.com/assets/telecomtv/aria-networks-source-aria-networks-22263.jpg?w=1200,2026-04-09T14:07:27Z,"Palo Alto, California-based Aria Networks has launched an AI-native datacentre networking system, dubbed the Deep Networking platform, that it claims can support AI training and inference in a differ… [+7221 chars]"
Theregister.com,Dan Robinson,Peace President's Iran war piles more pain on already battered PC market,"Memory costs were already through the roof - now freight's spiking too, and budget systems face extinction America's war with Iran is jacking up the pressure on computing markets already struggling with memory shortages and component cost inflation, meaning b…",https://www.theregister.com/2026/04/09/middle_east_madness_to_hike/,https://regmedia.co.uk/2026/04/09/trump_at_desk.jpg,2026-04-09T13:38:09Z,"America's war with Iran is jacking up the pressure on computing markets already struggling with memory shortages and component cost inflation, meaning buyers should brace themselves for even higher p… [+3727 chars]"
Barchart.com,Ebube Jones,Tech Stocks Are Experiencing Historic 50-Year Weakness. Should You Buy the Dip in This 1 ETF?,"A rare bout of 50‑year‑level weakness in big U.S. tech has pulled the XLK ETF into a short‑term slump, even as its top holdings like Nvidia, Apple, Microsoft...",https://www.barchart.com/story/news/1221208/tech-stocks-are-experiencing-historic-50-year-weakness-should-you-buy-the-dip-in-this-1-etf,https://s.yimg.com/ny/api/res/1.2/_hDgEn_3ekEmpXdA0In_3g--/YXBwaWQ9aGlnaGxhbmRlcjt3PTEyMDA7aD02NzU-/https://media.zenfs.com/en/barchart_com_477/ec6b9dda8dcda21b448ae8baa38caa8d,2026-04-09T13:15:01Z,"Chip makers just reminded the market how quickly sentiment in tech can turn. The latest compression method from Google researchers, which could sharply cut the memory needed for AI tasks, helped trig… [+4594 chars]"
The Verge,Tom Warren,The MacBook Neo is the best thing to happen to Windows in years,"If there's one thing I know about Microsoft after covering the company for more than 20 years, it's that it will always respond to a competitive threat. Apple's MacBook Air convinced Microsoft and Intel to launch thin and light laptops with the Ultrabook init…",https://www.theverge.com/tech/909140/microsoft-windows-11-fixes-macbook-neo-response-notepad,https://platform.theverge.com/wp-content/uploads/sites/2/2026/03/268387_Apple_MacBook_Neo_AKrales_0507.jpg?quality=90&strip=all&crop=0%2C10.732984293194%2C100%2C78.534031413613&w=1200,2026-04-09T13:02:21Z,"<ul><li></li><li></li><li></li></ul>
Microsoft always responds to a threat to Windows by improving the operating system.
Microsoft always responds to a threat to Windows by improving the operating … [+12999 chars]"
Techpowerup.com,Nomad76,(PR) Global PC Shipments Grew 3% in 1Q26 as Supply Chain Impacts Emerged,"According to the latest research from Omdia, total shipments of desktops, notebooks, and workstations in 1Q26 increased by 3.2% year-over-year to 64.8 million units. Notebooks (including mobile workstations) saw a modest year-over-year increase of 2.6% in Q1 …",https://www.techpowerup.com/348111/global-pc-shipments-grew-3-in-1q26-as-supply-chain-impacts-emerged,https://www.techpowerup.com/img/PnjDIL85jSy9n9rS.jpg,2026-04-09T12:52:30Z,"According to the latest research from Omdia, total shipments of desktops, notebooks, and workstations in 1Q26 increased by 3.2% year-over-year to 64.8 million units. Notebooks (including mobile works… [+2669 chars]"
The Times of India,Akash Podishetti,TCS going all-in on AI as $2.3 billion revenue takes shape. 5 takeaways from Q4 results,"Tata Consultancy Services signalled a decisive shift by positioning AI as a core growth engine rather than an experimental bet. With annualised AI revenue crossing $2.3 billion, strong deal wins, expanding margins and a rapidly upskilled workforce, the compan…",https://economictimes.indiatimes.com/markets/stocks/earnings/tcs-going-all-in-on-ai-as-2-3-billion-revenue-takes-shape-5-takeaways-from-q4-results/articleshow/130142319.cms,"https://img.etimg.com/thumb/msid-130142750,width-1200,height-630,imgsize-2588374,overlay-etmarkets/articleshow.jpg",2026-04-09T12:16:51Z,"TCS's fourth-quarter results signal that the company is no longer considering artificial intelligence (AI) a side bet, instead, it is positioning the segment as a structural growth driver. The compan… [+3310 chars]"
BusinessLine,"KS Badri Narayanan, Team BL",TCS Q4 Results Highlights: IT bellwether Q4 PAT up 12% y-o-y; FY26 profit sees marginal growth,"TCS Q4 results today updates: Tata Consultancy Services will be the first major company to declare its Q4 results today, effectively kicking off the earnings season for the IT sector. With shares trading largely flat ahead of the announcement, investors remai…",https://www.thehindubusinessline.com/markets/tata-consultancy-service-earnings-tcs-q4-results-today-highlights-news-updates-09-april-2026/article70837888.ece,https://bl-i.thgim.com/public/incoming/m5wezg/article70837886.ece/alternates/LANDSCAPE_1200/2026-04-06T064249Z_137221700_RC2P56AJYW9G_RTRMADP_3_INDIA-IT-RESULTS-PREVIEW.JPG,2026-04-09T12:15:24Z,"<li></li>
April 9, 2026 17:43(This live blog is now closed)
<li></li>
April 9, 2026 16:39TCS Q4 results: Net profit grows 12% to 13,784 crore
Tata Consultancy Services
 (TCS) net profit grew 12 … [+16134 chars]"
Tom's Hardware UK,Ben Stockton,"Build a $5,000 AM5 gaming PC for just $2,771 with this Newegg combo deal — 9800X3D and RTX 5070 also come with 128GB of DDR5 RAM, 4TB SSD, X870E motherboard, and AIO cooler","Build a gaming PC worth $5,019 for just $2,771.98 in this epic Newegg combo deal with a 9800X3D, a whopping 128GB of DDR5 RAM, an MSI X870E motherboard, and a RTX 5070, along with a free 4TB SSD, MSI MAG liquid cooler, and three free games, saving you over $2…",https://www.tomshardware.com/desktops/gaming-pcs/build-a-usd5-000-am5-gaming-pc-for-just-usd2-771-with-this-newegg-combo-deal-9800x3d-and-rtx-5070-also-come-with-128gb-of-ddr5-ram-4tb-ssd-x870e-motherboard-and-aio-cooler,https://cdn.mos.cms.futurecdn.net/T8kHQyJbdmenjCJrn4qPin-1920-80.jpg,2026-04-09T12:07:29Z,"A truly epic gaming PC build could be yours if you fancy building it yourself, and it's all thanks to Newegg. The company have dropped a bundle to beat them all, combining a set of parts with a list … [+3894 chars]"
Moneycontrol,Shaleen Agrawal,"TCS Q4 results: Net profit jumps 29% QoQ to Rs 13,718 crore; revenue beats estimate","Tata Consultancy Services Q4 FY26 Results: TCS said it saw continued improvement in business momentum, marking its third consecutive quarter of sequential growth. The company reported total contract value (TCV) of $12 billion for the quarter.",https://www.moneycontrol.com/news/business/earnings/tcs-q4-results-net-profit-jumps-29-qoq-to-rs-13-718-crore-revenue-beats-estimate-13884496.html,https://images.moneycontrol.com/static-mcnews/2024/04/410174539.jpg,2026-04-09T10:37:09Z,"Tata Consultancy Services reported a robust set of fiscal fourth quarter results, with strong sequential profit growth and revenue beating Street expectations. TCS posted a Q4 FY26 consolidated net p… [+2619 chars]"
Yahoo Entertainment,Hamza Shaban,Morning Brief: Where things stand with Iran,A two-week pause on hostilities sent oil back into the mid-90s and stocks up and to the right as the Strait of Hormuz creaked open and ships tried to figure ...,https://finance.yahoo.com/news/morning-brief-where-things-stand-with-iran-100007692.html,https://s.yimg.com/ny/api/res/1.2/8agUmOYcxTF19FcsDpyNxg--/YXBwaWQ9aGlnaGxhbmRlcjt3PTEyMDA7aD04NDc-/https://s.yimg.com/os/creatr-uploaded-images/2026-04/20e2b1e0-3394-11f1-8fe7-52486871d256,2026-04-09T10:00:07Z,"Good morning! As the song says, what a difference a day makes.
A two-week pause on hostilities sent oil back into the mid-90s and stocks up and to the right as the Strait of Hormuz creaked open and … [+10949 chars]"
Ibtimes.com.au,Daniel Lee,Top 10 Most Innovative CEOs in the World 2026: AI Visionaries Reshaping Industries,"As artificial intelligence accelerates from hype to infrastructure in 2026, a select group of CEOs stands out for turning bold ideas into transformative realities across technology, energy, space and computing. These leaders are not just managing companies — …",https://www.ibtimes.com.au/top-10-most-innovative-ceos-world-2026-ai-visionaries-reshaping-industries-1865883,https://d.ibtimes.com.au/en/full/1874036/tesla-spacex-ceo-elon-musk-gestures-he-speaks-washington-january-20-2025-day-us-president.jpg,2026-04-09T08:53:15Z,"As artificial intelligence accelerates from hype to infrastructure in 2026, a select group of CEOs stands out for turning bold ideas into transformative realities across technology, energy, space and… [+6899 chars]"
ComputerWeekly.com,Simon Quicke,PC market enjoys growth in Q1,"In what could be one of the last good quarters before shortages make their full impact, Omdia tracks an improvement in global shipments",https://www.computerweekly.com/microscope/news/366641579/PC-market-enjoys-growth-in-Q1,https://www.computerweekly.com/visuals/German/HERO-Gefahr-mimi-yellow-warning-triangle-Adobe-01.jpg,2026-04-09T08:20:00Z,"The prospects for the PC market are looking bleaker than expected, with analysts warning that memory and storage costs are going to be higher than forecasted.
As a result, the growth recorded in the… [+2898 chars]"
Slickdeals.net,BeigeRoad455,Microcenter Bundle Price Mistakes: AMD Ryzen 9 9900X + MSI X870E-P PRO WIFI Mobo + 32GB Corsair DDR5-6000 Ram For $520; With R7 9850x3d $620; And More $519.99,Microcenter [microcenter.com] has various bundles on sale below their officially listed price when you use the custom pc builder or add the components to cart separately. This is a price mistake where,https://slickdeals.net/f/19399200-microcenter-bundle-price-mistakes-amd-ryzen-9-9900x-msi-x870e-p-pro-wifi-mobo-32gb-corsair-ddr5-6000-ram-for-520-with-r7-9850x3d-620-and-more-519-99,https://slickdeals.net/attachment/2/9/2/8/0/8/2/0/450x450/20061297.thumb,2026-04-09T06:21:35Z,Microcenter[microcenter.com] has various bundles on sale below their officially listed price when you use the custom pc builder or add the components to cart separately. This is a price mistake where… [+2866 chars]
SiliconANGLE News,Kelly Knight,"Today’s applications, tomorrow’s AI workloads — Nutanix is building the platform for both, says CEO","The enterprise computing stack is undergoing its most consequential transformation in decades, as agentic infrastructure shifts from an experimental workload to the organizing logic of every new application. That shift is forcing a fundamental rethink of what…",https://siliconangle.com/2026/04/08/agentic-infrastructure-new-model-ai-enterprise-nutanixnext/,https://d15shllkswkct0.cloudfront.net/wp-content/blogs.dir/1/files/2026/04/IMG_9230.jpg,2026-04-08T23:14:12Z,"The enterprise computing stack is undergoing its most consequential transformation in decades, as agentic infrastructure shifts from an experimental workload to the organizing logic of every new appl… [+5514 chars]"
PhoneArena,Ilia Temelkov,Galaxy S27’s Exynos 2700 processor benchmark leak is all good news,"Samsung may be on the right path with the Exynos 2700 chipset, which will power the Galaxy S27 series.",https://www.phonearena.com/news/galaxy-s27s-exynos-2700-processor-benchmark-leak-is-all-good-news_id179551,https://m-cdn.phonearena.com/images/article/179551-wide-two_1200/Galaxy-S27s-Exynos-2700-processor-benchmark-leak-is-all-good-news.jpg,2026-04-08T21:32:23Z,"Samsung is testing an early version of the Exynos 2700 chipset, as its CPU has shown up in the Geekbench database for the first time. The benchmark, which was spotted by Abhishek Yadav, was run on th… [+2805 chars]"
Liliputing,Brad Linder,Lenovo ThinkPad X13 spec bump brings Intel Panther Lake and AMD Ryzen AI PRO 400 options,"The Lenovo ThinkPad X13 Gen 7 is a thin and light laptop with a starting weight of just 936 grams, or less than 2.1 pounds. Lenovo did not introduce this year’s model during Mobile World Congress in March, instead focusing on the ThinkPad X13 Detachable. But …",https://liliputing.com/lenovo-thinkpad-x13-spec-bump-brings-intel-panther-lake-and-amd-ryzen-ai-pro-400-options/,https://liliputing.com/wp-content/uploads/2026/04/thinkpad-x13_02.jpg,2026-04-08T21:30:22Z,"The Lenovo ThinkPad X13 Gen 7 is a thin and light laptop with a starting weight of just 936 grams, or less than 2.1 pounds. Lenovo did not introduce this year’s model during Mobile World Congress in … [+2549 chars]"
pymnts.com,PYMNTS,"AI Coding Agents Spark Selloff, but Enterprise Software Holds Its Ground","Every few years, a new threat makes enterprise software look fragile. Cloud computing was supposed to kill it. Mobile was supposed to bypass it. It survived both. Now, artificial intelligence (AI) coding agents face their turn. The idea that tools like Claude…",https://www.pymnts.com/artificial-intelligence-2/2026/ai-coding-agents-spark-selloff-but-enterprise-software-holds-its-ground/,https://www.pymnts.com/wp-content/uploads/2026/04/SaaS-AI-agents-digital-transformation.jpeg,2026-04-08T21:09:56Z,"Every few years, a new threat makes enterprise software look fragile. Cloud computing was supposed to kill it. Mobile was supposed to bypass it. It survived both. Now, artificial intelligence (AI) co… [+4036 chars]"
CNET,Joshua Goldman,Computer Won't Run Windows 11? Google's ChromeOS Flex Is a Solid Alternative,Don't rush your old Windows 10 computer to the landfill just yet.,https://www.cnet.com/tech/computing/computer-wont-run-windows-11-googles-chromeos-flex-is-a-solid-alternative/,https://www.cnet.com/a/img/resize/f5647a2d4babfecd3883e7973c6b06ecb53aa7ba/hub/2022/08/25/e21ce503-743e-48b4-8466-97e897c720c6/chromeos-flex-install-05.jpg?auto=webp&fit=crop&height=675&width=1200,2026-04-08T20:31:31Z,"Google is issuing you its periodic reminder that you aren't tethered to Microsoft's operating system if you own a PC. In fact, the search giant is making it easier than ever to switch over to ChromeO… [+8236 chars]"
GlobeNewswire,"Advanced Micro Devices, Inc.",AMD to Report Fiscal First Quarter 2026 Financial Results,"SANTA CLARA, Calif., April 08, 2026 (GLOBE NEWSWIRE) -- AMD (NASDAQ: AMD) announced today that it will report fiscal first quarter 2026 financial results on Tuesday, May 5, 2026, after the market close. Management will conduct a conference call to discuss the…",https://www.globenewswire.com/news-release/2026/04/08/3270525/0/en/AMD-to-Report-Fiscal-First-Quarter-2026-Financial-Results.html,https://ml.globenewswire.com/Resource/Download/9782a337-07ac-424b-9c5a-f9cde47d8d55,2026-04-08T20:15:00Z,"SANTA CLARA, Calif., April 08, 2026 (GLOBE NEWSWIRE) -- AMD (NASDAQ: AMD) announced today that it will report fiscal first quarter 2026 financial results on Tuesday, May 5, 2026, after the market clo… [+1418 chars]"
Windows Central,Alexander Cope,“Still one of my favorites”: This dependable 2‑in‑1 is discounted again while modern laptops remain scarce,"The Lenovo Yoga 7 is a laptop from 2024 built with advanced AI-empowered hardware for powering through office work and creative productivity tasks that still hold in 2026, and it's now on sale for 27%",https://www.windowscentral.com/hardware/laptops/still-one-of-my-favorites-this-dependable-2-in-1-is-discounted-again-while-modern-laptops-remain-scarce,https://cdn.mos.cms.futurecdn.net/tcq9Vrgbk6QCuLX8CHwMsZ-1287-80.jpg,2026-04-08T20:07:00Z,"Many modern 2-in-1 laptops are taking a beating in terms of stock and discount availability thanks to the ongoing RAM Crisis.
In desperate times, it's best to turn to the past, as some older laptops… [+2742 chars]"
Tom's Hardware UK,"ashilov@gmail.com (Anton Shilov) , Anton Shilov",Intel and SambaNova team up on heterogenous AI inference platform — different hardware performs different workloads,"Intel and SambaNova announce heterogeneous inference platform that can take advantage of Intel Xeon 6 CPUs, SambaNova SN50 RDUs, and Nvidia GPUs.",https://www.tomshardware.com/tech-industry/artificial-intelligence/intel-and-sambanova-team-up-on-heterogenous-ai-inference-platform-different-hardware-performs-different-workloads,https://cdn.mos.cms.futurecdn.net/uA6Ne4z4gSbp9nZArMDYK8-1920-80.jpg,2026-04-08T19:45:25Z,"Intel and SambaNova on Wednesday announced their joint production-ready heterogeneous inference architecture that relies on AI accelerators or GPUs for prefill, SambaNova reconfigurable dataflow unit… [+3019 chars]"
Omgubuntu.co.uk,Joey Sneddon,"Little Snitch, the macOS network tool, is now available on Linux","A Linux version of Little Snitch, the iconic network monitoring and firewall tool for macOS, has been released. Little Snitch for Linux is written in Rust and uses eBPF for kernel-level traffic interception (which lets sandboxed code run inside the Linux kern…",https://www.omgubuntu.co.uk/2026/04/little-snitch-linux,https://www.omgubuntu.co.uk/wp-content/uploads/2026/04/littlesnitch-linux-dark-840x603.webp,2026-04-08T18:59:16Z,"A Linux version of Little Snitch, the iconic network monitoring and firewall tool for macOS, has been released.
Little Snitch for Linux is written in Rust and uses eBPF for kernel-level traffic inte… [+2764 chars]"
GlobeNewswire,Lynx Software Technologies Inc.,"Lynx Launches MOSA.ic.AI for Deterministic AI in Safety-Critical Systems, Addressing a $25B Market by 2030","New platform closes the AI Deployment Gap by delivering certifiable AI execution across heterogeneous CPU and GPU architectures, reducing certification complexity and risk New platform closes the AI Deployment Gap by delivering certifiable AI execution across…",https://www.globenewswire.com/news-release/2026/04/08/3270407/0/en/Lynx-Launches-MOSA-ic-AI-for-Deterministic-AI-in-Safety-Critical-Systems-Addressing-a-25B-Market-by-2030.html,https://ml.globenewswire.com/Resource/Download/e9008b8d-31d0-4ae4-b9a7-80bdee588c13,2026-04-08T16:26:00Z,"SAN JOSE, Calif., April 08, 2026 (GLOBE NEWSWIRE) -- Lynx,
 a leader in safe and secure software platforms for mission-critical edge systems, today announced the general availability of LYNX MOSA.ic… [+7967 chars]"
The Next Web,Alina Maria Stan,Intel joins Musk’s Terafab as foundry partner in $25B chip megaproject,"In short: Intel has signed on as the primary foundry partner for Elon Musk’s Terafab, a $25 billion joint venture between Tesla, SpaceX, and xAI targeting a terawatt of AI compute per year, handing the struggling chip giant the marquee customer it has been se…",https://thenextweb.com/news/intel-terafab-elon-musk-foundry-partnership/,https://cdn0.tnwcdn.com/wp-content/blogs.dir/1/files/2026/04/intel-terafab-elon-musk-foundry-partnership.png,2026-04-08T14:59:04Z,"In short: Intel has signed on as the primary foundry partner for Elon Musks Terafab, a $25 billion joint venture between Tesla, SpaceX, and xAI targeting a terawatt of AI compute per year, handing th… [+9451 chars]"
BleepingComputer,Sponsored by Specops Software,"Is a $30,000 GPU Good at Password Cracking?","A $30,000 AI GPU doesn't outperform consumer GPUs at password cracking. Specops explains why attackers don't need exotic hardware to break weak passwords. [...]",https://www.bleepingcomputer.com/news/security/is-a-30-000-gpu-good-at-password-cracking/,https://www.bleepstatic.com/content/posts/2026/04/01/specops-transporter.jpg,2026-04-08T14:00:10Z,"Compute power is growing at an extraordinary pace. The AI surge has driven massive investment in GPUs and specialized ‘accelerators’, with vendors building increasingly powerful hardware to train lar… [+6572 chars]"
Storagereview.com,Dylan Dougherty,Dell PowerEdge R770AP Review: Dell’s Purpose-Built Answer for Latency-Sensitive Workloads,"The Dell PowerEdge R770AP is not a general-purpose server, and that is entirely the point. Where most 2U dual-socket platforms chase flexibility, the R770AP strips it away, trading GPU support, mixed storage options, and raw memory capacity for the highest co…",https://www.storagereview.com/review/dell-poweredge-r770ap-review,https://www.storagereview.com/wp-content/uploads/2026/04/StorageReview-Dell-PowerEdge-R770AP-13.jpg,2026-04-08T13:51:55Z,"The Dell PowerEdge R770AP is not a general-purpose server, and that is entirely the point. Where most 2U dual-socket platforms chase flexibility, the R770AP strips it away, trading GPU support, mixed… [+23901 chars]"
Tom's Hardware UK,Andrew E. Freedman,Asus ROG Xbox Ally review: The cheapest Windows handheld gets points for showing up,"The Asus ROG Xbox Ally is the cheapest Windows-based PC gaming handheld you can get right now, but some technical hitches and a mediocre processor don't help it shine next to the Steam Deck OLED.",https://www.tomshardware.com/video-games/handheld-gaming/asus-rog-xbox-ally-ryzen-z2-a-review,https://cdn.mos.cms.futurecdn.net/tchp7cX2PZ3aSq8TpSFYaf-1920-80.jpg,2026-04-08T13:00:00Z,"Why you can trust Tom's Hardware
Our expert reviewers spend hours testing and comparing products and services so you can choose the best for you. Find out more about how we test.Gaming handhelds are… [+18099 chars]"
The Gadgeteer,Rei Padla,10 Gadgets Everyone’s Quietly Buying in 2026,"The gadget cycle in 2026 isn’t just fast. It’s punishing. Products launch, spike on social, hit backorder, and vanish before most outlets can finish unboxing them. We’ve been tracking the most heat across search trends, Kickstarter campaigns, and reader traff…",https://the-gadgeteer.com/2026/04/08/10-gadgets-everyones-quietly-buying-in-2026/,https://the-gadgeteer.com/wp-content/uploads/2026/04/10-Gadgets-Everyones-Quietly-Buying-in-2026.jpg,2026-04-08T12:30:24Z,"If you buy something from a link in this article, we may earn a commission. Learn more
The gadget cycle in 2026 isnt just fast. Its punishing. Products launch, spike on social, hit backorder, and va… [+8725 chars]"
Tom's Hardware UK,Ben Stockton,"Grab an entire RTX 5090 gaming PC for just $8 more than the GPU itself and score a whopping $1,600 off — huge HP discount requires a $39 controller or monitor to secure you a 4K powerhouse with a 9800X3D, 32GB DDR5, and a 1TB SSD","An epic deal over at HP's website is knocking over $1,600 off the price of this Omen Max gaming PC, fitted with an RTX 5090, 9800X3D, 32GB RAM, and a 1TB SSD, all for just $3,808.69 if you purchase it with a monitor or a $39 accessory.",https://www.tomshardware.com/desktops/gaming-pcs/grab-an-entire-rtx-5090-gaming-pc-for-just-usd8-more-than-the-gpu-itself-and-score-a-whopping-usd1-600-off-huge-hp-discount-requires-a-usd39-controller-or-monitor-to-secure-you-a-4k-powerhouse-with-a-9800x3d-32gb-ddr5-and-a-1tb-ssd,https://cdn.mos.cms.futurecdn.net/Y4SW9iaJ4f2frgmuRF3MtW-1920-80.png,2026-04-08T11:44:59Z,"HP is at it again. There's another huge, almost unbelievable deal to be had right now on the HP Omen Max 45L gaming PC, fitted with a 9800X3D, RTX 5090, and 32GB of DDR5 RAM for just $3,808.69 (custo… [+5460 chars]"
CNET,Adrian Marlow,This Unbelievable Deal Drops This 27-Inch Asus TUF Gaming Monitor to Just $60,Gamers can nab a new monitor for nearly $120 off its list price -- but a deal this good won't last long.,https://www.cnet.com/deals/asus-tuf-gaming-monitor-deal/,https://www.cnet.com/a/img/resize/94a8c2844bdf4567076eb2e88ed17fb32bfcc559/hub/2026/04/08/257345b4-4f08-497d-898d-5bd8533e325c/asus-tuf-gaming-monitor.png?auto=webp&fit=crop&height=675&width=1200,2026-04-08T11:32:00Z,You can grab the 27-inch Asus TUF gaming monitor from Amazon for just $60 right now. That's half off the already discounted price of $120. Just be sure to clip the on-page coupon for the full discoun… [+851 chars]
Tom's Hardware UK,Joe Shields,Get $100 off the ROG Xbox Ally handheld — Ryzen Z2 A-powered version with 16GB of RAM is under $500 again,"Powered by AMD’s Ryzen Z2 A chip and featuring a 120Hz display, the ROG Xbox Ally is now cheaper than ever",https://www.tomshardware.com/pc-components/get-usd100-off-the-rog-xbox-ally-handheld-ryzen-z2-a-powered-version-with-16gb-of-ram-is-under-usd500-again,https://cdn.mos.cms.futurecdn.net/UxAXkioyNFD6SQacS6Dzpn-1920-80.jpg,2026-04-08T11:25:17Z,"The ROG Xbox Ally, one of the first Xbox handheld devices from Microsoft in collaboration with Asus, is now available at a $100 discount on Amazon and Best Buy. Launched at a retail price of $599, yo… [+3640 chars]"
TechRadar,Darren Allan,More RAM price-hike misery? Framework warns of 'volatility and cost increases through the rest of 2026' just as some GPUs suddenly get more expensive,Laptop maker Framework cautions against getting carried away with a 'temporary reprieve' in RAM and SSD price hikes.,https://www.techradar.com/computing/memory/more-ram-price-hike-misery-framework-warns-of-volatility-and-cost-increases-through-the-rest-of-2026-just-as-some-gpus-suddenly-get-more-expensive,https://cdn.mos.cms.futurecdn.net/fB4xhGeRkAJAnQZ5YUNiLR-1920-80.jpg,2026-04-08T11:21:08Z,"<ul><li>Asus RX 9070 XT GPUs have been hit with a sudden price hike in the US</li><li>Framework has warned that while memory costs have stabilized in some areas, this is likely just a temporary repri… [+3962 chars]"
Tom's Hardware UK,Stewart Bendle,"Snap up 32GB of Corsair Vengeance RAM for just $192 when you pair it with AMD's 9800X3D processor and Asus X870E motherboard for $1,054 — bundle also includes a free 240mm AIO cooler and a copy of Crimson Desert","A premium Asus ROG Strix X870E motherboard, 9800X3D, 32GB Corsair Vengeance RAM, a free AIO cooler, and a copy of Crimson Desert are yours for just $1054.98",https://www.tomshardware.com/pc-components/snap-up-32gb-of-corsair-vengeance-ram-for-just-usd192-when-you-pair-it-with-amds-9800x3d-processor-and-asus-x870e-motherboard-for-usd1-054-bundle-also-includes-a-free-240mm-aio-cooler-and-a-copy-of-crimson-desert,https://cdn.mos.cms.futurecdn.net/oLtviEWhHiQBvPJpHy88yZ-1920-80.jpg,2026-04-08T11:21:00Z,More ways to save money on precious RAM: this Newegg combo bundle pairs a premium Asus ROG Strix X870E-E Gaming WiFi Motherboard with 32GB of Corsair Vengeance RGB DDR5-6400 RAM and AMD's Ryzen 7 980… [+2412 chars]
Macworld,Jason Cross,Apple’s chip ‘binning’ explained: What is it and why does it matter?,"Macworld







Over the past several weeks, you’ve probably heard the term “binned” when referring to the chips inside the iPhone 17e and MacBook Neo. But what does it mean? In simple terms, “binning” is the process of taking one whole group of something an…",https://www.macworld.com/article/3107278/apples-chip-binning-explained-what-is-it-and-why-does-it-matter.html,https://www.macworld.com/wp-content/uploads/2026/04/apple-binned-chip-graphic.jpg?quality=50&strip=all&w=1024,2026-04-08T10:30:00Z,"Skip to contentType your search and hit enter
When you purchase through links in our articles, we may earn a small commission. This doesn't affect our editorial independence
.
Over the past severa… [+7502 chars]"
GlobeNewswire,First Atlantic Nickel Corp.,"First Atlantic Nickel Has Commenced Drilling at New Alloy Max Zone Discovery, 7 Km North of RPM Zone, at the Pipestone XL Nickel-Cobalt Alloy Project","Drilling has commenced at First Atlantic's Alloy Max, a new 4 km by 1.2 km awaruite nickel-cobalt discovery at Pipestone XL in central Newfoundland....",https://www.globenewswire.com/news-release/2026/04/08/3269921/0/en/First-Atlantic-Nickel-Has-Commenced-Drilling-at-New-Alloy-Max-Zone-Discovery-7-Km-North-of-RPM-Zone-at-the-Pipestone-XL-Nickel-Cobalt-Alloy-Project.html,https://ml.globenewswire.com/Resource/Download/0d889205-fb7e-475c-8751-5d952cf3ece1,2026-04-08T10:00:00Z,"GRAND FALLS-WINDSOR, Newfoundland and Labrador, April 08, 2026 (GLOBE NEWSWIRE) -- First Atlantic Nickel Corp. (TSXV: FAN) (OTCQB: FANCF) (FSE: P21) (""First Atlantic"" or the ""Company"") is pleased to … [+21889 chars]"
Wccftech,Alessio Palumbo,Gothic Remake Pre-Orders Are Now Open Ahead of the June 5 Launch,"THQ Nordic has officially kicked off pre-orders for the long-awaited Gothic Remake ahead of the game's launch, slated for June 5 on PC, PlayStation 5, and Xbox Series S and X. The PC version is available to purchase for €49.99 and includes a special bonus: th…",https://wccftech.com/gothic-remake-preorders-now-open/,https://cdn.wccftech.com/wp-content/uploads/2026/04/unnamed-32-HD-1920x1080.jpeg,2026-04-08T09:00:00Z,"THQ Nordic has officially kicked off pre-orders for the long-awaited Gothic Remake ahead of the game's launch, slated for June 5 on PC, PlayStation 5, and Xbox Series S and X.
The PC version is avai… [+2412 chars]"
Weandthecolor.com,Dirk Petzold,"The Vavorite Video Editing Software of 2026 for Pros, Beginners & Hobbyists, and the Best Free Alternatives","Here’s Your Complete Guide to the Best Video Editing Software in 2026 for Professionals as Well as Beginners and Hobbyists—Plus the Best Free Alternatives Available Right Now. We expect technology to serve our creative vision instantly and seamlessly, but fin…",https://weandthecolor.com/the-vavorite-video-editing-software-of-2026-for-pros-beginners-hobbyists-and-the-best-free-alternatives/209090,https://weandthecolor.com/wp-content/uploads/2026/04/Best-Video-Editing-Software-2026.webp,2026-04-08T08:29:46Z,"This post contains affiliate links. We may earn a commission if you click on them and make a purchase. It’s at no extra cost to you and helps us run this site. Thanks for your support!
We expect tec… [+12131 chars]"
Ibtimes.com.au,Daniel Lee,"Samsung Electronics Q1 2026 Record Profit $38B: AI Chips Drive Best-Ever Results, Path to Dominance","SEOUL, South Korea — Samsung Electronics Co. on Tuesday reported the strongest quarterly results in South Korean corporate history, posting a preliminary operating profit of 57.2 trillion won ($37.9 billion) for the first quarter of 2026 — an eye-popping 755%…",https://www.ibtimes.com.au/samsung-electronics-q1-2026-record-profit-38b-ai-chips-drive-best-ever-results-path-dominance-1865733,https://d.ibtimes.com.au/en/full/1709620/samsung-crucial-south-koreas-economic-health.jpg,2026-04-08T04:25:42Z,"SEOUL, South Korea — Samsung Electronics Co. on Tuesday reported the strongest quarterly results in South Korean corporate history, posting a preliminary operating profit of 57.2 trillion won ($37.9 … [+5718 chars]"
TweakTown,Kosta Andreadis,ASUS raises prices for its Radeon RX 9070 XT GPUs by up to 17%,The ASUS Prime Radeon RX 9070 XT OC Edition and ASUS TUF GAMING Radeon RX 9070 XT OC Edition GPUs have both received notable price increases.Continue reading at TweakTown,https://www.tweaktown.com/news/110922/asus-raises-prices-for-its-radeon-rx-9070-xt-gpus-by-up-to-17-percent/index.html,https://static.tweaktown.com/news/1/1/110922_1_asus-raises-prices-for-radeon-rx-9070-xt-by-up-to-17-5-in-its-us-store_full.jpg,2026-04-08T03:28:02Z,"As an Amazon Associate, we earn from qualifying purchases. TweakTown may also earn commissions from Newegg and other affiliate partners at no extra cost to you.As spotted by VideoCardz, it looks like… [+1783 chars]"
GlobeNewswire,"Digital Realty Trust, L.P.",Digital Realty Opens First Asia Pacific Innovation Lab in Japan to Help Accelerate AI and Hybrid Cloud Deployment,"Digital Realty today announced the opening of the first Digital Realty Innovation Lab (DRIL) in Asia Pacific, located at the NRT12 in Japan....",https://www.globenewswire.com/news-release/2026/04/08/3269783/0/en/Digital-Realty-Opens-First-Asia-Pacific-Innovation-Lab-in-Japan-to-Help-Accelerate-AI-and-Hybrid-Cloud-Deployment.html,https://ml.globenewswire.com/Resource/Download/806daefd-c19b-4ed9-a50c-dc7d4e9de622,2026-04-08T02:30:00Z,"TOKYO, April 08, 2026 (GLOBE NEWSWIRE) -- Digital Realty (NYSE: DLR), the worlds largest cloud- and carrier-neutral data center platform, today announced the opening of the first Digital Realty Innov… [+7078 chars]"
TweakTown,Aaron Klotz,Core Ultra 7 270K Plus outperforms Ultra 9 285K in Cinebench R23 after a delid and a hefty 5.8GHz overclock,German overclocker Der8auer successfully outperformed an overclocked Core Ultra 9 285K with an overclocked Core Ultra 7 270K Plus in Cinebench R23.Continue reading at TweakTown,https://www.tweaktown.com/news/110919/core-ultra-7-270k-plus-outperforms-ultra-9-285k-in-cinebench-r23-after-a-delid-and-a-hefty-5-8ghz-overclock/index.html,https://static.tweaktown.com/news/1/1/110919_2702851316_this-hardcore-mod-takes-the-270k-plus-beyond-285k_full.png,2026-04-08T00:35:03Z,Overclocking wizard and PC enthusiast Der8auer delidded Intel's latest Core Ultra 7 270K Plus to see how far he could push the CPU. He found his specific sample was capable of achieving 5.8GHz on the… [+2458 chars]
Slickdeals.net,BeigeRoad455,AMD Ryzen 5 5500 + GIGABYTE B550M GAMING X WIFI6 Mobo + Team T-FORCE 16GB DDR4 3600 Memory + ASUS ROG Harpe Mini Mouse + ASUS NC01 Mouse Pad + Rosewill Cordless Air Duster $210.84,Newegg [newegg.com] has AMD Ryzen 5 5500 Zen 3 6-Core Desktop CPU Processor (Wraith Stealth cooler included) + GIGABYTE B550M GAMING X WIFI6 AM4 Micro ATX Motherboard + Team T-FORCE VULCAN Z 16GB (2...,https://slickdeals.net/f/19394721-amd-ryzen-5-5500-gigabyte-b550m-gaming-x-wifi6-mobo-team-t-force-16gb-ddr4-3600-memory-asus-rog-harpe-mini-mouse-asus-nc01-mouse-pad-rosewill-cordless-air-duster-210-84,https://slickdeals.net/attachment/2/9/2/8/0/8/2/0/450x450/20049465.thumb,2026-04-07T23:41:04Z,"As noted in my original deal post, the mouse is a filler item used to allow promo codes to apply to the newegg combo, making this deal $66 cheaper than the official combo price for the cpu+mobo+ram+a… [+2860 chars]"
PlayStation LifeStyle,Nicholas Tan,Sony Fans Are Betting Against a PS6 Reveal in 2026,Multiple reports on the PS6 release date have made many think that the console won't be announced in 2026. Do you think it's still on track?,https://www.playstationlifestyle.net/2026/04/07/ps6-playstation-6-bets-fans-doubt-announcement-2026-2027-release-feature/,"https://www.playstationlifestyle.net/wp-content/uploads/sites/9/2026/04/ps6-playstation-6-bets-fans-doubt-announcement-2026-2027-release-feature.jpg?resize=1200,630",2026-04-07T22:01:27Z,"Amid conflicting rumors on the PS6 release date, most fans dont believe that Sony will announce the console before 2027. Over the last six months, there have been multiple reports on whether the Play… [+3587 chars]"
Afterdawn.com,Petteri Pyyny,Linux will soon ditch 80486 support,"In a way, a historical moment is approaching, as Linux will most likely discontinue support for the 80486 processors by the end of this year.

The Register reported around Easter how changes have already been accepted into the Linux 7.1 codebase, which will r…",https://www.afterdawn.com/news/article.cfm/2026/04/07/linux-will-soon-ditch-80486-support,https://cdn.afterdawn.fi/v3/news/original/linux-penguin-phone-midjourney.png,2026-04-07T21:06:28Z,"The Registerreported around Easter how changes have already been accepted into the Linux 7.1 codebase, which will remove support for the 486 processor family from the Linux kernel (kernel).
The chan… [+775 chars]"
GlobeNewswire,NovaBridge Biosciences,NovaBridge Reports Full Year 2025 Financial Results and Provides Business Update,"ROCKVILLE, Md., April 07, 2026 (GLOBE NEWSWIRE) -- NovaBridge Biosciences (Nasdaq: NBP) (“NovaBridge” or the “Company”), a global biotechnology platform company committed to accelerating access to innovative medicines, today announced financial results for th…",https://www.globenewswire.com/news-release/2026/04/07/3269679/0/en/NovaBridge-Reports-Full-Year-2025-Financial-Results-and-Provides-Business-Update.html,https://ml.globenewswire.com/Resource/Download/0ea9f005-c7f7-4272-a3ac-cbf4ea4aef15,2026-04-07T20:50:00Z,"<ul><li>Successful transformation to global biotech platform with two mid-stage potential best-in-class/first-in-class programs, givastomig and VIS-101, with compelling proof-of-concept data</li><li>… [+58485 chars]"
ZDNet,Taylor Clemons,"LG C6 vs. LG C5: I compared two generations of OLED TVs, and it was pretty darn close","The LG C6 is a refreshed version of the brand's flagship OLED TV, but is it worth upgrading over the C5?",https://www.zdnet.com/home-and-office/home-entertainment/lg-c6-vs-lg-c5/,https://www.zdnet.com/a/img/resize/1d674835775a27e264e3f8abe70ac0dcbf90fde7/2026/04/07/4a8c1dee-f12d-449e-ab0e-d9164978a4f7/lg-c6-vs-c5.jpg?auto=webp&fit=crop&height=675&width=1200,2026-04-07T18:55:00Z,"Manufacturer or Full Name/ZDNET
Follow ZDNET: Add us as a preferred source on Google.
If you've been looking to upgrade your living room or home theater with a high-end OLED TV, LG is one of the to… [+4802 chars]"
GlobeNewswire,"Nutanix, Inc.","Nutanix to Extend Nutanix Agentic AI, Empowering Neoclouds to Deliver Higher Value AI Services","Nutanix will introduce new capabilities designed to help neoclouds deliver secure, scalable AI services to AI engineers and agentic AI developers....",https://www.globenewswire.com/news-release/2026/04/07/3269562/0/en/Nutanix-to-Extend-Nutanix-Agentic-AI-Empowering-Neoclouds-to-Deliver-Higher-Value-AI-Services.html,https://ml.globenewswire.com/Resource/Download/426e237f-d0dc-485d-9b5d-be003af059b0,2026-04-07T18:30:00Z,"<ul><li>Designed to complement AI infrastructure automation and AI platform services with a new multitenant and AI management portal</li><li>Will enable secure, governed self-service consumption by A… [+14148 chars]"
GlobeNewswire,"Nutanix, Inc.",Nutanix Delivers Complete Platform for the Agentic AI Era,Nutanix today announced new platform capabilities to help organizations with agentic AI workloads and hardware supply constraints....,https://www.globenewswire.com/news-release/2026/04/07/3269563/0/en/Nutanix-Delivers-Complete-Platform-for-the-Agentic-AI-Era.html,https://ml.globenewswire.com/Resource/Download/426e237f-d0dc-485d-9b5d-be003af059b0,2026-04-07T18:30:00Z,"<ul><li>New capabilities for Agentic AI infrastructure will enable enterprises and neoclouds to optimize, govern, and accelerate Agentic AI use cases</li><li>Growing ecosystem of infrastructure, clou… [+21426 chars]"
TechCrunch,Tim Fernholz,Intel signs on to Elon Musk's Terafab chips project | TechCrunch,The partnership brings semiconductor experience to Musk's latest high-tech project.,https://techcrunch.com/2026/04/07/intel-signs-on-to-elon-musks-terafab-chips-project/,https://techcrunch.com/wp-content/uploads/2026/04/HFTb6BbbcAANe5y-e1775584097859.jpeg?w=597,2026-04-07T18:11:13Z,"Intel will join SpaceX and Tesla in an effort to build a new U.S. semiconductor factory in Texas, although the scope of its contributions are unclear.
“Our ability to design, fabricate, and package … [+1647 chars]"
Yahoo Entertainment,,I've Changed My Mind on AMD Stock. The AI Supercycle Has Room for More Than Just Nvidia.,,https://consent.yahoo.com/v2/collectConsent?sessionId=1_cc-session_e4bf7ae9-75c9-4d52-ba41-1ef451386bf7,,2026-04-07T17:20:00Z,"If you click 'Accept all', we and our partners, including 251 who are part of the IAB Transparency &amp; Consent Framework, will also store and / or access information on a device (in other words, us… [+1046 chars]"
TheStreet,Thomas Richmond,"As AMD AI narrative changes, here's what comes next",AMD’s (AMD) AI story is starting to shift. The company is no longer just a beneficiary of rising AI demand. It is now generating meaningful revenue and...,https://www.thestreet.com/investing/stocks/as-amd-ai-narrative-changes-heres-what-comes-next,https://s.yimg.com/os/en/thestreet_881/c7983dd6a337d2c89ec9a93c2f047ab4,2026-04-07T17:07:00Z,"AMDs (AMD) AI story is starting to shift.
The company is no longer just a beneficiary of rising AI demand. It is now generating meaningful revenue and profit from its data-center business, giving in… [+5783 chars]"
Rlsbb.to,Ash,DxO FilmPack 7.22.0.23,"Description: DxO FilmPack 7 is the software that takes your digital images back in time to the golden era of film photography. A tribute to the darkroom, you can explore history and get inspired by beautiful renderings, authentically recreated with scientific…",https://post.rlsbb.to/dxo-filmpack-7-22-0-23/,,2026-04-07T16:09:51Z,"Description: DxO FilmPack 7 is the software that takes your digital images back in time to the golden era of film photography. A tribute to the darkroom, you can explore history and get inspired by b… [+918 chars]"
ComputerWeekly.com,Adrian Bridgwater,Nutanix aligns to agentic AI era with platform & ecosystem overhaul,Nutanix used its .NEXT 2026 Americas conference in Chicago this week to lay out a framework of technologies that it promises will deliver a complete platform for the agentic AI era. The hybrid ...,https://www.computerweekly.com/blog/CW-Developer-Network/Nutanix-aligns-to-agentic-AI-era-with-platform-ecosystem-overhaul,,2026-04-07T14:35:25Z,"Nutanix used its .NEXT 2026 Americas conference in Chicago this week to lay out a framework of technologies that it promises will deliver a complete platform for the agentic AI era.
The hybrid multi… [+11108 chars]"
Techpowerup.com,TheLostSwede,"(PR) ASUS Announces All-New Zenbook Lineup, Now Available in the United States","ASUS today announced the U.S. availability of its latest Zenbook lineup, headlined by the all-new Zenbook A16. Setting a new standard for groundbreaking performance, the Zenbook A16 debuts as the fastest Snapdragon -powered laptop on the market, equipped with…",https://www.techpowerup.com/348047/asus-announces-all-new-zenbook-lineup-now-available-in-the-united-states,https://www.techpowerup.com/img/YqKgXzUx7qWtP3TL.jpg,2026-04-07T14:03:50Z,"ASUS today announced the U.S. availability of its latest Zenbook lineup, headlined by the all-new Zenbook A16. Setting a new standard for groundbreaking performance, the Zenbook A16 debuts as the fas… [+5653 chars]"
MarketWatch,Barbara Kollmeyer,"A generational buying opportunity has opened up for U.S. tech stocks, says Goldman Sachs","Investors are now faced with the best opportunity in decades to buy beaten-down tech stocks, say Goldman Sachs strategists.",https://www.marketwatch.com/story/a-generational-buying-opportunity-has-opened-up-for-u-s-tech-stocks-says-goldman-sachs-df565a1c,https://s.yimg.com/ny/api/res/1.2/68q2eEWTu6Q9aXBhtpsWlg--/YXBwaWQ9aGlnaGxhbmRlcjt3PTEyMDA7aD02MDA-/https://media.zenfs.com/en/marketwatch_hosted_869/0747f91f2536059ceffb5804198b5741,2026-04-07T13:44:00Z,"Goldman sees a rare buying opportunity for beaten-down U.S. tech stocks right now. - angela weiss/Agence France-Presse/Getty Images
Tech stocks are suffering their worst stretch of performance again… [+6901 chars]"
GlobeNewswire,MEXT,MEXT Introduces AI-Driven Memory Optimization to Help Curb Rising Infrastructure Costs,MEXT AI-Powered Predictive Memory™ software expands usable memory capacity while enabling enterprises to control escalating infrastructure costs MEXT AI-Powered Predictive Memory™ software expands usable memory capacity while enabling enterprises to control e…,https://www.globenewswire.com/news-release/2026/04/07/3269309/0/en/MEXT-Introduces-AI-Driven-Memory-Optimization-to-Help-Curb-Rising-Infrastructure-Costs.html,,2026-04-07T13:30:00Z,"SANTA CLARA, Calif., April 07, 2026 (GLOBE NEWSWIRE) -- As AI infrastructure drives an unprecedented surge in memory demand, DRAM has become the scarcest and most expensive resource in computing. Tod… [+5808 chars]"
The Verge,Antonio G. Di Benedetto,Asus’ lightweight 16-inch laptop is a formidable MacBook Air alternative,"I already put Asus' new Zenbook A16 through the wringer when I brought a pre-production unit with me to CES. I loved it for its ample power in an impressively light 16-inch chassis. It's speedy enough for part-time content creation, it's got lengthy battery l…",https://www.theverge.com/tech/907864/asus-zenbook-a16-snapdragon-x2-elite-extreme-review,https://platform.theverge.com/wp-content/uploads/sites/2/2026/04/268251_Asus_Zenbook_A16_laptop_review_ADiBenedetto_0001.jpg?quality=90&strip=all&crop=0%2C10.732984293194%2C100%2C78.534031413613&w=1200,2026-04-07T13:07:56Z,"<ul><li></li><li></li><li></li></ul>
The Zenbook A16 is a large laptop that weighs very little and performs great.
If you buy something from a Verge link, Vox Media may earn a commission. See our e… [+12056 chars]"
TechCrunch,Rebecca Bellan,"The AI gold rush is pulling private wealth into riskier, earlier bets  | TechCrunch","On a recent episode of Equity, we talked to Arena Private Wealth to explore a growing trend: family offices bypassing VCs to gain direct exposure to AI startups, turning them from passive investors into active participants.",https://techcrunch.com/2026/04/07/the-ai-gold-rush-is-pulling-private-wealth-into-riskier-earlier-bets/,"https://techcrunch.com/wp-content/uploads/2026/04/GettyImages-493527752.jpg?resize=1200,906",2026-04-07T13:00:53Z,"For decades, buying stock in a hot startup meant being allowed to invest in the funds run by the top VCs. But with the AI boom causing an investment frenzy, more family offices and private wealth are… [+4180 chars]"
GlobeNewswire,"Outlook Therapeutics, Inc.",Outlook Therapeutics Announces Formal Dispute Resolution Request for ONS-5010/LYTENAVA™ (bevacizumab-vikg) Accepted by FDA,"ISELIN, N.J., April 07, 2026 (GLOBE NEWSWIRE) -- Outlook Therapeutics, Inc. (Nasdaq: OTLK), a biopharmaceutical company focused on enhancing the standard of care for bevacizumab for the treatment of retina diseases, today announced that it submitted a formal …",https://www.globenewswire.com/news-release/2026/04/07/3269178/0/en/Outlook-Therapeutics-Announces-Formal-Dispute-Resolution-Request-for-ONS-5010-LYTENAVA-bevacizumab-vikg-Accepted-by-FDA.html,https://ml.globenewswire.com/Resource/Download/cbff3302-f8d2-466a-beff-8c33252f9c70,2026-04-07T12:50:00Z,"ISELIN, N.J., April 07, 2026 (GLOBE NEWSWIRE) -- Outlook Therapeutics, Inc. (Nasdaq: OTLK), a biopharmaceutical company focused on enhancing the standard of care for bevacizumab for the treatment of … [+7614 chars]"
Tom's Hardware UK,Ben Stockton,"Snag this 1440p iBuyPower gaming PC with a 7800X3D and RTX 5070 for just $2,049 right now — 32GB of fast DDR5 RAM and a 2TB SSD round off powerhouse specs, with an extra $200 off this custom-built AMD rig","Save $200 on this awesome AMD build from iBuyPower, featuring an AMD Ryzen 7 7800X3D, RTX 5070, 32GB of DDR5 RAM, and a 2TB SSD, all for just $2,049 right now.",https://www.tomshardware.com/desktops/gaming-pcs/snag-this-1440p-ibuypower-gaming-pc-with-a-7800x3d-and-rtx-5070-for-just-usd2-049-right-now-32gb-of-fast-ddr5-ram-and-a-2tb-ssd-round-off-powerhouse-specs-with-an-extra-usd200-off-this-custom-built-amd-rig,https://cdn.mos.cms.futurecdn.net/EkvftxWompsDJTd5ikSXtQ-1920-80.jpg,2026-04-07T12:11:55Z,"There's a seriously great saving to be had on a brand new, custom-built gaming PC from builders iBuyPower right now. Costing just $2,049 is this customizable iBuyPower rig with an AMD Ryzen 7 7800X3D… [+3180 chars]"
GlobeNewswire,"Cognition Therapeutics, Inc.",Cognition Therapeutics to Present at Needham Virtual Healthcare Conference,"PURCHASE, N.Y., April 07, 2026 (GLOBE NEWSWIRE) -- Cognition Therapeutics, Inc. (Nasdaq: CGTX), a clinical-stage company developing drugs that treat neurodegenerative disorders, announced that the Company’s president and CEO, Lisa Ricciardi intends to present…",https://www.globenewswire.com/news-release/2026/04/07/3269000/0/en/Cognition-Therapeutics-to-Present-at-Needham-Virtual-Healthcare-Conference.html,https://ml.globenewswire.com/Resource/Download/a14fd627-7ccb-45e2-95fe-792bbfb83231,2026-04-07T11:30:00Z,"PURCHASE, N.Y., April 07, 2026 (GLOBE NEWSWIRE) -- Cognition Therapeutics, Inc. (Nasdaq: CGTX), a clinical-stage company developing drugs that treat neurodegenerative disorders, announced that the Co… [+7032 chars]"
Tom's Hardware UK,Luke James,Broadcom to supply Anthropic with 3.5 gigawatts of Google TPU capacity from 2027 — Claude pioneer says its annual revenue run rate has passed $30 billion,Broadcom disclosed in a securities filing on Monday that it’ll supply Anthropic with roughly 3.5 gigawatts of Google TPU capacity starting in 2027.,https://www.tomshardware.com/tech-industry/broadcom-expands-anthropic-deal-to-3-5gw-of-google-tpu-capacity-from-2027,https://cdn.mos.cms.futurecdn.net/zbt6xP22zQEtnhcUBfMSvS-2000-80.jpg,2026-04-07T11:26:13Z,"Broadcom disclosed in a securities filing on Monday that it’ll supply Anthropic with roughly 3.5 gigawatts of Google TPU capacity starting in 2027, and separately committed to designing and supplying… [+3249 chars]"
Barchart.com,Oleksandr Pylypenko,Stock Index Futures Slip as Trump’s Hormuz Deadline Looms,"June S&P 500 E-Mini futures (ESM26) are down -0.26%, and June Nasdaq 100 E-Mini futures (NQM26) are down -0.38% this morning as investors remain wary ahead...",https://www.barchart.com/story/news/1171867/stock-index-futures-muted-as-trumps-hormuz-deadline-looms,https://s.yimg.com/ny/api/res/1.2/Sxsc7AGptQxSOfq4Q2t5Uw--/YXBwaWQ9aGlnaGxhbmRlcjt3PTEyMDA7aD04MDA-/https://media.zenfs.com/en/barchart_com_477/ae7ee21b7adc3615d29d0e151145646a,2026-04-07T10:34:51Z,"June S&amp;P 500 E-Mini futures (ESM26) are down -0.26%, and June Nasdaq 100 E-Mini futures (NQM26) are down -0.38% this morning as investors remain wary ahead of President Trumps deadline for Iran t… [+10553 chars]"
PCWorld,Author: Matthew S. Smith,HyperX Omen OLED 27q review: This monitor is a budget champ,"At a glance
Expert's Rating


Pros

<ul>
<li>Excellent color performance and accuracy</li>



<li>Solid motion clarity for the price</li>



<li>Affordable $499.99 MSRP</li>
</ul>





Cons

<ul>
<li>Lacks USB connectivity</li>



<li>Limited image quali…",https://www.pcworld.com/article/3106098/hyperx-omen-oled-27q-review.html,https://www.pcworld.com/wp-content/uploads/2026/04/hyperx-omen-oled-27q-1.jpeg?quality=50&strip=all&w=1024,2026-04-07T10:30:00Z,"Skip to contentType your search and hit enter
When you purchase through links in our articles, we may earn a small commission. This doesn't affect our editorial independence
.
At a glance
<ul><li… [+11440 chars]"
Techpowerup.com,btarunr,(PR) IBASE Introduces MBB1002 AI-Ready eATX Motherboard,"IBASE Technology Inc., a leading manufacturer of embedded and edge computing solutions, launches the MBB1002, a powerful AI-ready eATX motherboard engineered to accelerate next-generation edge AI and data-intensive applications. Powered by AMD EPYC Embedded 8…",https://www.techpowerup.com/348038/ibase-introduces-mbb1002-ai-ready-eatx-motherboard,https://www.techpowerup.com/img/kgLRzJVkLXnBje6Z.jpg,2026-04-07T09:45:15Z,"IBASE Technology Inc., a leading manufacturer of embedded and edge computing solutions, launches the MBB1002, a powerful AI-ready eATX motherboard engineered to accelerate next-generation edge AI and… [+1802 chars]"
Geeky Gadgets,Julian Horsey,Why the Intel Arc Pro B70 Might Be the Ultimate Budget GPU for Local AI,"The Intel Arc Pro B70 is a professional-grade GPU designed to meet the needs of AI professionals and computational workloads, offering a balance between affordability and performance. With 32 GB of VRAM and a price under $1,000, it provides a cost-effective a…",https://www.geeky-gadgets.com/arc-pro-b70-benchmarks/,https://www.geeky-gadgets.com/wp-content/uploads/2026/04/intel-arc-pro-b70-vs-rtx-pro-4000.jpg,2026-04-07T09:41:00Z,"The Intel Arc Pro B70 is a professional-grade GPU designed to meet the needs of AI professionals and computational workloads, offering a balance between affordability and performance. With 32 GB of V… [+7615 chars]"
Yahoo Entertainment,Muhammad Ali Khalid,Wells Fargo Maintains Overweight Rating for Advanced Micro Devices (AMD),"Advanced Micro Devices Inc. (NASDAQ:AMD) is one of the 10 best AI chip stocks to buy according to hedge funds. On April 1, Wells Fargo maintained the price...",https://finance.yahoo.com/markets/stocks/articles/wells-fargo-maintains-overweight-rating-090145638.html,https://s.yimg.com/os/en/insidermonkey.com/fe0b16308278491a239b6a2819deebec,2026-04-07T09:01:45Z,"Advanced Micro Devices Inc. (NASDAQ:AMD) is one of the 10 best AI chip stocks to buy according to hedge funds.
On April 1, Wells Fargo maintained the price target on Advanced Micro Devices Inc. (NAS… [+1892 chars]"
TweakTown,Kosta Andreadis,Corsair's Ryzen AI MAX 'Strix Halo' AI Workstation 300 PC is now a lot more expensive,"Corsair's flagship AI Workstation 300 Desktop PC with its AMD Ryzen AI MAX+ 395 'Strix Halo' APU just got an $1,100 price increase.Continue reading at TweakTown",https://www.tweaktown.com/news/110905/corsairs-ryzen-ai-max-strix-halo-ai-workstation-300-pc-is-now-a-lot-more-expensive/index.html,https://static.tweaktown.com/news/1/1/110905_1_corsairs-ryzen-ai-max-strix-halo-workstation-300-pcs-are-now-lot-more-expensive_full.jpg,2026-04-07T04:03:02Z,"Corsair released its AI-focused AI Workstation 300 Desktop PC line last year, with the compact devices sporting powerful Ryzen AI MAX hardware with integrated Radeon graphics, and up to 128GB of unif… [+1370 chars]"
SamMobile,Asif Iqbal Shaik,"Samsung’s profit surged 8x in Q1 2026, driven by AI data center boom","Samsung announced today that its revenue reached KRW 133 trillion (around $100 billion) during the first quarter (Q1) of this year, while its operating profit stood at KRW 57.2 trillion (around $43 billion). That marks an eightfold increase compared to its pr…",https://www.sammobile.com/news/samsungs-q1-2026-profit-8x-ai-data-centre-boom/,https://www.sammobile.com/wp-content/uploads/2026/01/Samsung-Logo-CES-2026-1-1200x675.jpg,2026-04-07T03:31:18Z,"Samsung announced today that its revenue reached KRW 133 trillion (around $100 billion) during the first quarter (Q1) of this year, while its operating profit stood at KRW 57.2 trillion (around $43 b… [+1434 chars]"
TweakTown,Kosta Andreadis,Lenovo Legion Go 2 handheld prices soar by up to $650 due to the memory crisis,The flagship AMD Ryzen Z2 Extreme-powered Lenovo Legion Go 2 PC gaming handheld just got a massive $650 price increase thanks to the current memory crisis.Continue reading at TweakTown,https://www.tweaktown.com/news/110904/lenovo-legion-go-2-handheld-prices-soar-by-up-to-dollars650-due-to-the-memory-crisis/index.html,https://static.tweaktown.com/news/1/1/110904_1_lenovo-legion-go-2-handheld-prices-soar-by-up-to-650-due-the-memory-crisis_full.jpg,2026-04-07T03:31:02Z,"As an Amazon Associate, we earn from qualifying purchases. TweakTown may also earn commissions from Best Buy and other affiliate partners at no extra cost to you.It's no secret that the memory and st… [+1735 chars]"
Mercola.com,communities@mercola.com (Dr. Joseph Mercola),The Vast Dangers of Corticosteroids and the Safe Treatments for Autoimmunity,"A New Series of Health Insights Is on the Way




IMPORTANT


A New Series of Health Insights Is on the Way

Our team has been working behind the scenes to prepare new research and practical health strategies for our readers. While we finish preparing wha…",https://articles.mercola.com/sites/articles/archive/2026/04/07/vast-dangers-of-corticosteroids.aspx,https://media.mercola.com/ImageServer/Public/2025/May/FB/vast-dangers-of-corticosteroids-fb.jpg,2026-04-07T00:00:00Z,"A New Series of Health Insights Is on the Way
To regulate itself, the body often relies upon sensors that detect something amiss and then emit a signal that is amplified by the body so that a proces… [+20991 chars]"
SiliconANGLE News,Mark Albertson,Building for AI: Hybrid cloud strategy and partnerships power Nutanix’s ISV edge,"There is a massive investment underway in building digital infrastructure for the AI era, and enterprises are on the hunt for IT providers who offer complete solutions. This scenario sets up well for independent software vendors such as Nutanix Inc. who can o…",https://siliconangle.com/2026/04/06/ai-digital-infrastructure-hybrid-cloud-nutanix-nutanixnext/,https://d15shllkswkct0.cloudfront.net/wp-content/blogs.dir/1/files/2026/04/Industrial-scene-with-cloud-technologies-and-AI.png,2026-04-06T21:04:56Z,"There is a massive investment underway in building digital infrastructure for the AI era, and enterprises are on the hunt for IT providers who offer complete solutions. This scenario sets up well for… [+10640 chars]"
Yahoo Entertainment,,AMD Stock Pullback: Is Now the Time to Buy for Big Gains or Should You Avoid the Dip?,,https://consent.yahoo.com/v2/collectConsent?sessionId=1_cc-session_0c590e31-43c2-4d90-b439-85c4141b830e,,2026-04-06T19:18:35Z,"If you click 'Accept all', we and our partners, including 251 who are part of the IAB Transparency &amp; Consent Framework, will also store and / or access information on a device (in other words, us… [+1046 chars]"
Tom's Hardware UK,"editors@tomshardware.com (Kunal Khullar) , Kunal Khullar","HP’s flagship Omen Max 45L with an RTX 5090 is on sale for $1,000 off — get a top-shelf 4K gaming PC with 64GB DDR5 and 4TB SSD for $5,499",HP’s Omen Max 45L offers a powerful alternative to building your own PC amid rising component prices.,https://www.tomshardware.com/pc-components/hps-flagship-omen-max-45l-with-an-rtx-5090-is-on-sale-for-usd1-000-off-get-a-top-shelf-4k-gaming-pc-with-64gb-ddr5-and-4tb-ssd-for-usd5-499,https://cdn.mos.cms.futurecdn.net/9KLmwXup57zKJNDjuRs3i6-1920-80.jpg,2026-04-06T16:18:10Z,"Investing in a prebuilt gaming PC is a smart way to tackle the ongoing memory crisis and potentially avoid inflated pricing of RAM, storage, and graphics cards. For those who are on the lookout for t… [+2829 chars]"
Wccftech,Muhammad Zuhair,TSMC Is Set to Talk About the Biggest Risk It Faces with Chip Production Right Now; One That Could Derail the AI Frenzy,"TSMC's earnings call is scheduled for April 16, and one of the key factors the industry is watching is the potential consequence of supply chain disruptions, amid the Middle East crisis. Taiwan's Reliance on LNG Imports From the Middle East Has Turned Out To …",https://wccftech.com/tsmc-is-set-to-talk-about-the-biggest-risk-it-faces-with-chip-production/,https://cdn.wccftech.com/wp-content/uploads/2025/11/TSMC-1.jpg,2026-04-06T15:18:15Z,"TSMC's earnings call is scheduled for April 16, and one of the key factors the industry is watching is the potential consequence of supply chain disruptions, amid the Middle East crisis.
The AI indu… [+2646 chars]"
Barchart.com,Rich Asplund,Stocks Rise Amid Iran Ceasefire Hopes,"The S&P 500 Index ($SPX ) (SPY ) today is up +0.27%, the Dow Jones Industrial Average ($DOWI ) (DIA ) is up +0.19%, and the Nasdaq 100 Index ($IUXX ) (QQQ ) ...",https://www.barchart.com/story/news/1160307/stocks-rise-amid-iran-ceasefire-hopes,https://s.yimg.com/ny/api/res/1.2/F_ZJDS12E4olt5iHV3X55A--/YXBwaWQ9aGlnaGxhbmRlcjt3PTEyMDA7aD04MDA-/https://media.zenfs.com/en/barchart_com_477/fda4fa13493a27d0c8a4c56df32e0629,2026-04-06T15:13:35Z,"The S&amp;P 500 Index ($SPX) (SPY) today is up +0.27%, the Dow Jones Industrial Average ($DOWI) (DIA) is up +0.19%, and the Nasdaq 100 Index ($IUXX) (QQQ) is up +0.41%.  June E-mini S&amp;P futures (… [+6789 chars]"
Tom's Hardware UK,"editors@tomshardware.com (Kunal Khullar) , Kunal Khullar","Grab the Ryzen 7 9800X3D, 32GB of RAM, and MSI X870E bundle and get free 240mm AIO and game — $350 total savings on combo bundle",A high-end AM5 platform bundle that not only cuts costs but also includes a free 240mm AIO cooler and a bundled game.,https://www.tomshardware.com/pc-components/grab-the-ryzen-7-9800x3d-32gb-of-ram-and-msi-x870e-bundle-and-get-free-240mm-aio-and-game-usd350-total-savings-on-combo-bundle,https://cdn.mos.cms.futurecdn.net/SbSG4ALS6NJVL2D3WDZSPR-1920-80.jpg,2026-04-06T15:02:44Z,"PC components, including memory, SSDs, and graphics cards, continue to be priced significantly higher than they were late last year. The AI boom has forced DRAM and NAND manufacturers to prioritize h… [+2626 chars]"
Itsfoss.com,Sourav Rudra,The Linux Kernel is Finally Letting Go of i486 CPU Support,The support remained in the Linux kernel all these years after every other major platform dropped it.,https://itsfoss.com/news/linux-kernel-i486-cpu-support-removal/,https://itsfoss.com/content/images/2026/04/i486-support-linux-kernel-eol-banner.png,2026-04-06T13:44:36Z,"Plenty of CPU architectures have come and gone over the last few decades. The x86 family alone has seen a long line of chips rise to prominence and fade away as newer generations took over.
The i486… [+2710 chars]"
Ibtimes.com.au,Tony Jackson,10 Reasons to Buy Intel Stock in 2026 as Turnaround Gains Momentum,"NEW YORK — Intel Corp. shares have staged a remarkable recovery, climbing more than 100% over the past year and posting double-digit gains in early 2026, as the semiconductor giant executes a high-stakes turnaround centered on advanced manufacturing, artifici…",https://www.ibtimes.com.au/10-reasons-buy-intel-stock-2026-turnaround-gains-momentum-1865555,https://d.ibtimes.com.au/en/full/1879924/executives-silicon-valley-chip-maker-intel-say-fluid-us-trade-policies-regulatory-moves-have.jpg,2026-04-06T11:00:56Z,"NEW YORK — Intel Corp. shares have staged a remarkable recovery, climbing more than 100% over the past year and posting double-digit gains in early 2026, as the semiconductor giant executes a high-st… [+6837 chars]"
Wccftech,Hassan Mujtaba,Intel To Continue Focus On Raptor Lake CPUs & Hybrid DDR5/DDR4 Motherboards As PC Building Costs Rise,"Intel has said that it will continue to focus on Raptor Lake CPUs, as it is a core part of its PC strategy, as the costs to build a PC continue to rise. Intel Raptor Lake isn't Going Anywhere, Becomes Integral Focus For Blue Team in the current DRAM & Compone…",https://wccftech.com/intel-to-continue-focus-on-raptor-lake-cpus-as-pc-building-costs-rise/,https://cdn.wccftech.com/wp-content/uploads/2023/10/Intel-14th-Gen-Raptor-Lake-Refresh-Desktop-CPU-Family-1920x1282.png,2026-04-06T10:30:11Z,"Intel has said that it will continue to focus on Raptor Lake CPUs, as it is a core part of its PC strategy, as the costs to build a PC continue to rise.
Intel launched its Raptor Lake CPU family in … [+3552 chars]"
GlobeNewswire,SNS Insider pvt ltd,Ophthalmic Lasers Market Size to Reach USD 2.94 Billion by 2035; Rising Prevalence of Ocular Disorders to Boost Industry Expansion Globally | SNS Insider,"U.S. Ophthalmic Lasers Market was valued at USD 0.67 billion in 2025 and is expected to reach USD 1.14 billion by 2035, growing at a CAGR of 5.50% U.S. Ophthalmic Lasers Market was valued at USD 0.67 billion in 2025 and is expected to reach USD 1.14 billion b…",https://www.globenewswire.com/news-release/2026/04/06/3268310/0/en/Ophthalmic-Lasers-Market-Size-to-Reach-USD-2-94-Billion-by-2035-Rising-Prevalence-of-Ocular-Disorders-to-Boost-Industry-Expansion-Globally-SNS-Insider.html,https://ml.globenewswire.com/Resource/Download/d6272c2e-d204-41b8-b545-a6e2e24f85c2,2026-04-06T10:18:00Z,"Austin, April 06, 2026 (GLOBE NEWSWIRE) -- According to SNS Insider, The Ophthalmic Lasers Market size was estimated at USD 1.72 billion in 2025 and is expected to reach USD 2.94 billion by 2035, gro… [+8840 chars]"
Techpowerup.com,btarunr,"14th Gen Core ""Raptor Lake"" Will Continue to be ""Abundantly Available,"" Says Intel","Intel will continue to ensure production of its 14th Gen Core ""Raptor Lake Refresh"" desktop processors, 700-series motherboard chipset, and ensure continued availability of the Socket LGA1700 platform. In an interview with Club386, Intel's VP and GM of client…",https://www.techpowerup.com/348019/14th-gen-core-raptor-lake-will-continue-to-be-abundantly-available-says-intel,https://www.techpowerup.com/img/Vd9ONan6qdvPuPZS.jpg,2026-04-06T09:33:15Z,"Intel will continue to ensure production of its 14th Gen Core ""Raptor Lake Refresh"" desktop processors, 700-series motherboard chipset, and ensure continued availability of the Socket LGA1700 platfor… [+2419 chars]"
