title,description,content,text_for_analysis,url,published_at,source,author,image_url
10 Best AI Chip Makers in 2026: NVIDIA Dominates AI Chip Race as Market Surges Toward $500 Billion Milestone,"SAN FRANCISCO — NVIDIA Corp. solidified its commanding lead in the exploding artificial intelligence chip sector in early 2026, capturing roughly 80-85% of the AI accelerator market while the broader AI semiconductor industry hurtled toward half a trillion do…","SAN FRANCISCO — NVIDIA Corp. solidified its commanding lead in the exploding artificial intelligence chip sector in early 2026, capturing roughly 80-85% of the AI accelerator market while the broader… [+8971 chars]","10 Best AI Chip Makers in 2026: NVIDIA Dominates AI Chip Race as Market Surges Toward $500 Billion Milestone SAN FRANCISCO — NVIDIA Corp. solidified its commanding lead in the exploding artificial intelligence chip sector in early 2026, capturing roughly 80-85% of the AI accelerator market while the broader AI semiconductor industry hurtled toward half a trillion do… SAN FRANCISCO — NVIDIA Corp. solidified its commanding lead in the exploding artificial intelligence chip sector in early 2026, capturing roughly 80-85% of the AI accelerator market while the broader… [+8971 chars]",https://www.ibtimes.com.au/10-best-ai-chip-makers-2026-nvidia-dominates-ai-chip-race-market-surges-toward-500-billion-1866051,2026-04-10T09:46:44+00:00,Ibtimes.com.au,Daniel Lee,https://d.ibtimes.com.au/en/full/1858708/tech-giants-ai-race-have-been-spending-billions-dollars-gpus-made-nvidia-considered-leader.jpg
"TSMC Shares Surge Past 2,000 TWD as AI Demand Fuels Record Q1 Revenue Surge","TAIPEI, Taiwan — Taiwan Semiconductor Manufacturing Co. shares rocketed to a fresh intraday high of 2,000 Taiwan dollars Friday, jumping 2.30% as investors cheered the world's largest contract chipmaker's explosive growth fueled by insatiable demand for artif…","TAIPEI, Taiwan — Taiwan Semiconductor Manufacturing Co. shares rocketed to a fresh intraday high of 2,000 Taiwan dollars Friday, jumping 2.30% as investors cheered the world's largest contract chipma… [+7447 chars]","TSMC Shares Surge Past 2,000 TWD as AI Demand Fuels Record Q1 Revenue Surge TAIPEI, Taiwan — Taiwan Semiconductor Manufacturing Co. shares rocketed to a fresh intraday high of 2,000 Taiwan dollars Friday, jumping 2.30% as investors cheered the world's largest contract chipmaker's explosive growth fueled by insatiable demand for artif… TAIPEI, Taiwan — Taiwan Semiconductor Manufacturing Co. shares rocketed to a fresh intraday high of 2,000 Taiwan dollars Friday, jumping 2.30% as investors cheered the world's largest contract chipma… [+7447 chars]",https://www.ibtimes.com.au/tsmc-shares-surge-past-2000-twd-ai-demand-fuels-record-q1-revenue-surge-1866048,2026-04-10T09:42:06+00:00,Ibtimes.com.au,Mike Clair,https://d.ibtimes.com.au/en/full/1879065/tsmc-said-its-net-profit-first-three-months-2025-rose-603-percent-year-ago.jpg
TSMC posts 35% jump in revenue to new record high as AI chip demand stays strong,TSMC is benefiting from sustained demand for advanced semiconductors from its key customers like Apple and Nvidia.,"Taiwan Semiconductor Manufacturing Co. on Friday posted another quarter of record revenue driven by demand for AI chips.
For January to March, the world's largest chipmaker reported revenue of 1.13 … [+2288 chars]","TSMC posts 35% jump in revenue to new record high as AI chip demand stays strong TSMC is benefiting from sustained demand for advanced semiconductors from its key customers like Apple and Nvidia. Taiwan Semiconductor Manufacturing Co. on Friday posted another quarter of record revenue driven by demand for AI chips. For January to March, the world's largest chipmaker reported revenue of 1.13 … [+2288 chars]",https://www.cnbc.com/2026/04/10/tsmc-q1-record-revenue-ai-chip-demand-strong.html,2026-04-10T08:13:07+00:00,CNBC,Arjun Kharpal,https://image.cnbcfm.com/api/v1/image/108263658-1770697651993-gettyimages-2251610250-TFSPI_15122025-3274.jpeg?v=1775806078&w=1920&h=1080
"TSMC's Q1 revenue jumps 35%, beating forecasts","The world's largest contract chipmaker, TSMC, has today reported first-quarter revenue of T$1.134 trillion ($35.71 billion), rising 35% on the year to beat market forecasts on surging interest in artificial intelligence (AI) applications.","The world's largest contract chipmaker, TSMC, has today reported first-quarter revenue of T$1.134 trillion ($35.71 billion), rising 35% on the year to beat market forecasts on surging interest in art… [+1082 chars]","TSMC's Q1 revenue jumps 35%, beating forecasts The world's largest contract chipmaker, TSMC, has today reported first-quarter revenue of T$1.134 trillion ($35.71 billion), rising 35% on the year to beat market forecasts on surging interest in artificial intelligence (AI) applications. The world's largest contract chipmaker, TSMC, has today reported first-quarter revenue of T$1.134 trillion ($35.71 billion), rising 35% on the year to beat market forecasts on surging interest in art… [+1082 chars]",https://www.rte.ie/news/business/2026/0410/1567508-tsmcs-q1-revenue-jumps-35-beating-forecasts/,2026-04-10T07:14:29+00:00,RTE,RTÉ News,https://www.rte.ie/images/0022e4bb-1600.jpg
CATL Short Sellers at Risk of Squeeze on Earnings Surprise,"An earnings beat by Contemporary Amperex Technology Co. Ltd. next week may set the stage for a short squeeze, after a surge in the battery maker’s shares on bets tied to soaring energy prices.","(Bloomberg) An earnings beat by Contemporary Amperex Technology Co. Ltd. next week may set the stage for a short squeeze, after a surge in the battery makers shares on bets tied to soaring energy pri… [+4834 chars]","CATL Short Sellers at Risk of Squeeze on Earnings Surprise An earnings beat by Contemporary Amperex Technology Co. Ltd. next week may set the stage for a short squeeze, after a surge in the battery maker’s shares on bets tied to soaring energy prices. (Bloomberg) An earnings beat by Contemporary Amperex Technology Co. Ltd. next week may set the stage for a short squeeze, after a surge in the battery makers shares on bets tied to soaring energy pri… [+4834 chars]",https://financialpost.com/pmn/business-pmn/catl-short-sellers-at-risk-of-squeeze-on-earnings-surprise,2026-04-10T07:02:14+00:00,Financial Post,Bloomberg News,https://smartcdn.gprod.postmedia.digital/financialpost/wp-content/uploads/2026/04/catls-h-share-gains-reversed-as-premiums-surged.jpg
"TSMC's Q1 revenue jumps 35% YoY, beats market forecasts","TSMC will ⁠report full first-quarter earnings on April 16, including ​an updated outlook for the current quarter ​and the full year. The company, whose customers include Nvidia, has been a major beneficiary of advances in AI, which has more than offset a tape…","The world's largest contract chipmaker, TSMC, reported first-quarter revenue of T$1.134 trillion ($35.71 billion) on Friday, rising 35% on the year to beat market forecasts on surging interest in art… [+1104 chars]","TSMC's Q1 revenue jumps 35% YoY, beats market forecasts TSMC will ⁠report full first-quarter earnings on April 16, including ​an updated outlook for the current quarter ​and the full year. The company, whose customers include Nvidia, has been a major beneficiary of advances in AI, which has more than offset a tape… The world's largest contract chipmaker, TSMC, reported first-quarter revenue of T$1.134 trillion ($35.71 billion) on Friday, rising 35% on the year to beat market forecasts on surging interest in art… [+1104 chars]",https://economictimes.indiatimes.com/tech/technology/tsmcs-q1-revenue-jumps-35-yoy-beats-market-forecasts/articleshow/130161980.cms,2026-04-10T06:51:34+00:00,The Times of India,Reuters,"https://img.etimg.com/thumb/width-1200,height-900,imgsize-89122,resizemode-75,msid-130161980/tech/technology/tsmcs-q1-revenue-jumps-35-yoy-beats-market-forecasts.jpg"
TSMC’s Sales Beat Estimates After War Fails to Dent AI Demand,"Taiwan Semiconductor Manufacturing Co. reported a 35% increase in quarterly revenue, suggesting global AI chip demand remained intact during the first weeks of war in the Middle East.","(Bloomberg) Taiwan Semiconductor Manufacturing Co. reported a 35% increase in quarterly revenue, suggesting global AI chip demand remained intact during the first weeks of war in the Middle East.
TH… [+4760 chars]","TSMC’s Sales Beat Estimates After War Fails to Dent AI Demand Taiwan Semiconductor Manufacturing Co. reported a 35% increase in quarterly revenue, suggesting global AI chip demand remained intact during the first weeks of war in the Middle East. (Bloomberg) Taiwan Semiconductor Manufacturing Co. reported a 35% increase in quarterly revenue, suggesting global AI chip demand remained intact during the first weeks of war in the Middle East. TH… [+4760 chars]",https://financialpost.com/pmn/business-pmn/tsmcs-sales-beat-estimates-after-war-fails-to-dent-ai-demand,2026-04-10T06:00:32+00:00,Financial Post,Bloomberg News,https://smartcdn.gprod.postmedia.digital/financialpost/wp-content/uploads/2026/04/tsmc-shares-shrug-off-concerns-over-war-ai-bubble-stock-re.jpg
"TSMC's Q1 revenue jumps 35% y/y, beats market forecasts","TAIPEI, April 10 : The world's largest contract chipmaker, TSMC, reported first-quarter revenue of T$1.134 trillion ($35.71 billion) on Friday, rising 35 per cent on the year to beat market forecasts on surging interest in artificial intelligence (AI) applica…","TAIPEI, April 10 : The world's largest contract chipmaker, TSMC, reported first-quarter revenue of T$1.134 trillion ($35.71 billion) on Friday, rising 35 per cent on the year to beat market forecasts… [+1157 chars]","TSMC's Q1 revenue jumps 35% y/y, beats market forecasts TAIPEI, April 10 : The world's largest contract chipmaker, TSMC, reported first-quarter revenue of T$1.134 trillion ($35.71 billion) on Friday, rising 35 per cent on the year to beat market forecasts on surging interest in artificial intelligence (AI) applica… TAIPEI, April 10 : The world's largest contract chipmaker, TSMC, reported first-quarter revenue of T$1.134 trillion ($35.71 billion) on Friday, rising 35 per cent on the year to beat market forecasts… [+1157 chars]",https://www.channelnewsasia.com/business/tsmcs-q1-revenue-jumps-35-yy-beats-market-forecasts-6048561,2026-04-10T05:37:11+00:00,CNA,,"https://dam.mediacorp.sg/image/upload/s--IIQ0NjtA--/c_fill,g_auto,h_676,w_1200/fl_relative,g_south_east,l_mediacorp:cna:watermark:2024-04:reuters_1,w_0.1/f_auto,q_auto/v1/one-cms/core/2026-04-10T053612Z_1_LYNXMPEM3908A_RTROPTP_3_TSMC-RESULTS.JPG?itok=WZJlNU3y"
TSMC's first-quarter revenue surges as AI interest propels sales beyond market forecasts,"TAIPEI, April 10 : TSMC, the world's largest contract chipmaker, on Friday reported a 35 per cent surge in first-quarter revenue, beating market forecasts, thanks to unabated interest in artificial intelligence applications.January-March revenue reached T$1.1…","TAIPEI, April 10 : TSMC, the world's largest contract chipmaker, on Friday reported a 35 per cent surge in first-quarter revenue, beating market forecasts, thanks to unabated interest in artificial i… [+1755 chars]","TSMC's first-quarter revenue surges as AI interest propels sales beyond market forecasts TAIPEI, April 10 : TSMC, the world's largest contract chipmaker, on Friday reported a 35 per cent surge in first-quarter revenue, beating market forecasts, thanks to unabated interest in artificial intelligence applications.January-March revenue reached T$1.1… TAIPEI, April 10 : TSMC, the world's largest contract chipmaker, on Friday reported a 35 per cent surge in first-quarter revenue, beating market forecasts, thanks to unabated interest in artificial i… [+1755 chars]",https://www.channelnewsasia.com/business/tsmcs-first-quarter-revenue-surges-ai-interest-propels-sales-beyond-market-forecasts-6048561,2026-04-10T05:37:11+00:00,CNA,,"https://dam.mediacorp.sg/image/upload/s--IIQ0NjtA--/c_fill,g_auto,h_676,w_1200/fl_relative,g_south_east,l_mediacorp:cna:watermark:2024-04:reuters_1,w_0.1/f_auto,q_auto/v1/one-cms/core/2026-04-10T053612Z_1_LYNXMPEM3908A_RTROPTP_3_TSMC-RESULTS.JPG?itok=WZJlNU3y"
"TSMC's Q1 revenue jumps 35% y/y, beats market forecast","TAIPEI, April 10 : TSMC, the world's largest contract chipmaker, reported on Friday first-quarter revenue of T$1.134 trillion ($35.71 billion), beating the market forecasts and up 35 per cent on the year ago period on surging interest in artificial intelligen…","TAIPEI, April 10 : TSMC, the world's largest contract chipmaker, reported on Friday first-quarter revenue of T$1.134 trillion ($35.71 billion), beating the market forecasts and up 35 per cent on the … [+323 chars]","TSMC's Q1 revenue jumps 35% y/y, beats market forecast TAIPEI, April 10 : TSMC, the world's largest contract chipmaker, reported on Friday first-quarter revenue of T$1.134 trillion ($35.71 billion), beating the market forecasts and up 35 per cent on the year ago period on surging interest in artificial intelligen… TAIPEI, April 10 : TSMC, the world's largest contract chipmaker, reported on Friday first-quarter revenue of T$1.134 trillion ($35.71 billion), beating the market forecasts and up 35 per cent on the … [+323 chars]",https://www.channelnewsasia.com/business/tsmcs-q1-revenue-jumps-35-yy-beats-market-forecast-6048561,2026-04-10T05:37:11+00:00,CNA,,"https://dam.mediacorp.sg/image/upload/s--IIQ0NjtA--/c_fill,g_auto,h_676,w_1200/fl_relative,g_south_east,l_mediacorp:cna:watermark:2024-04:reuters_1,w_0.1/f_auto,q_auto/v1/one-cms/core/2026-04-10T053612Z_1_LYNXMPEM3908A_RTROPTP_3_TSMC-RESULTS.JPG?itok=WZJlNU3y"
Is Amgen (AMGN) One of the Most Profitable Value Stocks to Buy Right Now?,Amgen Inc. (NASDAQ:AMGN) is one of the 7 Most Profitable Value Stocks to Buy Right Now. Amgen Inc. (NASDAQ:AMGN) is one of the most profitable value stocks...,"Amgen Inc. (NASDAQ:AMGN) is one of the 7 Most Profitable Value Stocks to Buy Right Now.  Amgen Inc. (NASDAQ:AMGN) is one of the most profitable value stocks to buy right now. On April 6, Amgen announ… [+1994 chars]","Is Amgen (AMGN) One of the Most Profitable Value Stocks to Buy Right Now? Amgen Inc. (NASDAQ:AMGN) is one of the 7 Most Profitable Value Stocks to Buy Right Now. Amgen Inc. (NASDAQ:AMGN) is one of the most profitable value stocks... Amgen Inc. (NASDAQ:AMGN) is one of the 7 Most Profitable Value Stocks to Buy Right Now. Amgen Inc. (NASDAQ:AMGN) is one of the most profitable value stocks to buy right now. On April 6, Amgen announ… [+1994 chars]",https://finance.yahoo.com/sectors/healthcare/articles/amgen-amgn-one-most-profitable-044401605.html,2026-04-10T04:44:01+00:00,Yahoo Entertainment,Maham Fatima,https://s.yimg.com/os/en/insidermonkey.com/0db54501eaac6d49048e04e07d9253c3
Praise Victor Industrial aims to break Fujibo's soft pad dominance with 2Q26 sample certification,"As AI and high-performance computing (HPC) demand surges and the semiconductor supply chain undergoes accelerating restructuring, structural changes are emerging in the critical materials market long dominated by major US and Japanese players. Praise Victor I…","Keep me signed in
Some subscribers prefer to save their log-in information so they do not have to enter their User ID and Password each time they visit the site. To activate this function, check the… [+285 chars]","Praise Victor Industrial aims to break Fujibo's soft pad dominance with 2Q26 sample certification As AI and high-performance computing (HPC) demand surges and the semiconductor supply chain undergoes accelerating restructuring, structural changes are emerging in the critical materials market long dominated by major US and Japanese players. Praise Victor I… Keep me signed in Some subscribers prefer to save their log-in information so they do not have to enter their User ID and Password each time they visit the site. To activate this function, check the… [+285 chars]",https://www.digitimes.com/news/a20260408PD231/certification-demand-victor-hpc-pvi.html,2026-04-10T00:04:05+00:00,Digitimes,Charlene Chen,https://img.digitimes.com/newsshow/20260408pd231_files/2_b.jpg
"Stock market today: Stocks mixed as Nasdaq rises, Dow falls after March CPI data shows surging energy costs",Focus turns to the weekend US-Iran talks after the CPI print met forecasts for a surge thanks to rising energy costs.,"US stocks opened Friday's session mixed, with the tech-heavy Nasdaq rising as much as 0.5% and the blue-chip Dow falling about 0.4% after the March inflation report showed energy costs surged last mo… [+4014 chars]","Stock market today: Stocks mixed as Nasdaq rises, Dow falls after March CPI data shows surging energy costs Focus turns to the weekend US-Iran talks after the CPI print met forecasts for a surge thanks to rising energy costs. US stocks opened Friday's session mixed, with the tech-heavy Nasdaq rising as much as 0.5% and the blue-chip Dow falling about 0.4% after the March inflation report showed energy costs surged last mo… [+4014 chars]",https://finance.yahoo.com/news/live/stock-market-today-stocks-mixed-as-nasdaq-rises-dow-falls-after-march-cpi-data-shows-surging-energy-costs-230420728.html,2026-04-09T23:04:20+00:00,Yahoo Entertainment,Rian Howlett,https://s.yimg.com/ny/api/res/1.2/EhDtc2dv20fDNRcUY9nVzQ--/YXBwaWQ9aGlnaGxhbmRlcjt3PTEyMDA7aD04MDA-/https://s.yimg.com/os/creatr-uploaded-images/2026-04/9cdb0000-2f60-11f1-a5da-115073d6f6ed
"Intel Stock Surges Past $60 as Analyst Upgrade, Terafab Partnership and Foundry Momentum Fuel Turnaround Hopes","SANTA CLARA, Calif. — Intel Corp. shares climbed more than 2.5% Thursday, breaking above $60 for the first time in years, as renewed optimism around the chipmaker's foundry business, a high-profile partnership with Elon Musk's Terafab project and a fresh anal…","SANTA CLARA, Calif. — Intel Corp. shares climbed more than 2.5% Thursday, breaking above $60 for the first time in years, as renewed optimism around the chipmaker's foundry business, a high-profile p… [+6787 chars]","Intel Stock Surges Past $60 as Analyst Upgrade, Terafab Partnership and Foundry Momentum Fuel Turnaround Hopes SANTA CLARA, Calif. — Intel Corp. shares climbed more than 2.5% Thursday, breaking above $60 for the first time in years, as renewed optimism around the chipmaker's foundry business, a high-profile partnership with Elon Musk's Terafab project and a fresh anal… SANTA CLARA, Calif. — Intel Corp. shares climbed more than 2.5% Thursday, breaking above $60 for the first time in years, as renewed optimism around the chipmaker's foundry business, a high-profile p… [+6787 chars]",https://www.ibtimes.com.au/intel-stock-surges-past-60-analyst-upgrade-terafab-partnership-foundry-momentum-fuel-turnaround-1865939,2026-04-09T18:30:43+00:00,Ibtimes.com.au,Mike Clair,https://d.ibtimes.com.au/en/full/1879924/executives-silicon-valley-chip-maker-intel-say-fluid-us-trade-policies-regulatory-moves-have.jpg
NVIDIA Stock Rises Modestly as AI Demand and Geopolitical Easing Lift Chip Giant Amid April Volatility,"SANTA CLARA, Calif. — Shares of NVIDIA Corp. edged higher Thursday as the artificial intelligence chip leader benefited from broad technology sector momentum and signs of easing geopolitical tensions in the Middle East, even as the stock remained well below i…","SANTA CLARA, Calif. — Shares of NVIDIA Corp. edged higher Thursday as the artificial intelligence chip leader benefited from broad technology sector momentum and signs of easing geopolitical tensions… [+6235 chars]","NVIDIA Stock Rises Modestly as AI Demand and Geopolitical Easing Lift Chip Giant Amid April Volatility SANTA CLARA, Calif. — Shares of NVIDIA Corp. edged higher Thursday as the artificial intelligence chip leader benefited from broad technology sector momentum and signs of easing geopolitical tensions in the Middle East, even as the stock remained well below i… SANTA CLARA, Calif. — Shares of NVIDIA Corp. edged higher Thursday as the artificial intelligence chip leader benefited from broad technology sector momentum and signs of easing geopolitical tensions… [+6235 chars]",https://www.ibtimes.com.au/nvidia-stock-rises-modestly-ai-demand-geopolitical-easing-lift-chip-giant-amid-april-volatility-1865935,2026-04-09T18:25:46+00:00,Ibtimes.com.au,Tony Jackson,https://d.ibtimes.com.au/en/full/1890695/nvidia-report-quarterly-earnings.jpg
"TSMC’s Chipmaking Edge Is So Strong That Competitors Are Fighting to Work with Its Supply Chain Partners, Viewing Them as a Winning Bet","TSMC's dominance over the semiconductor industry also stems from how disciplined its supply chain partners have become, and rivals are now looking to capitalize on this edge. TSMC's Supply Network Has Created a Moat For Them In The Chip Industry, After Passin…","TSMC's dominance over the semiconductor industry also stems from how disciplined its supply chain partners have become, and rivals are now looking to capitalize on this edge. 
The Taiwan chip giant … [+2848 chars]","TSMC’s Chipmaking Edge Is So Strong That Competitors Are Fighting to Work with Its Supply Chain Partners, Viewing Them as a Winning Bet TSMC's dominance over the semiconductor industry also stems from how disciplined its supply chain partners have become, and rivals are now looking to capitalize on this edge. TSMC's Supply Network Has Created a Moat For Them In The Chip Industry, After Passin… TSMC's dominance over the semiconductor industry also stems from how disciplined its supply chain partners have become, and rivals are now looking to capitalize on this edge. The Taiwan chip giant … [+2848 chars]",https://wccftech.com/tsmc-edge-is-so-strong-that-competitors-are-racing-to-work-with-its-supply-chain-partners/,2026-04-09T15:46:04+00:00,Wccftech,Muhammad Zuhair,https://cdn.wccftech.com/wp-content/uploads/2025/11/TSMC-1.jpg
"Intel's EMIB-T packaging technology set for fab rollout this year — as TSMC CoWoS capacity remains limited,EMIB-T is preparing for advanced AI accelerator designs","If these “billions per year” in deals close, it’d mark quite the turnaround for Intel Foundry, which generated just $307 million in external revenue last year.","Intel CFO Dave Zinsner told the Morgan Stanley TMT conference last month that Intel Foundry is ""close to closing some deals that are in the billions per year in terms of revenue"" on advanced packagin… [+8447 chars]","Intel's EMIB-T packaging technology set for fab rollout this year — as TSMC CoWoS capacity remains limited,EMIB-T is preparing for advanced AI accelerator designs If these “billions per year” in deals close, it’d mark quite the turnaround for Intel Foundry, which generated just $307 million in external revenue last year. Intel CFO Dave Zinsner told the Morgan Stanley TMT conference last month that Intel Foundry is ""close to closing some deals that are in the billions per year in terms of revenue"" on advanced packagin… [+8447 chars]",https://www.tomshardware.com/tech-industry/semiconductors/intels-emib-t-heads-for-fab-rollout-this-year,2026-04-09T15:09:42+00:00,Tom's Hardware UK,Luke James,https://cdn.mos.cms.futurecdn.net/qXjw6K9cVJzeNZurs6CD3H-1920-80.jpg
Why is TSMC CoWoS capacity expanding fast? #tech,"TSMC ramps CoWoS packaging as AI chip demand surges TSMC says its most advanced chip packaging technology, CoWoS, is growing at an 80% compound annual growth rate as the company ramps capacity. CoWoS is used to combine compute dies and other components into s…","TSMC says its most advanced chip packaging technology, CoWoS, is growing at an 80% compound annual growth rate as the company ramps capacity. CoWoS is used to combine compute dies and other component… [+1571 chars]","Why is TSMC CoWoS capacity expanding fast? #tech TSMC ramps CoWoS packaging as AI chip demand surges TSMC says its most advanced chip packaging technology, CoWoS, is growing at an 80% compound annual growth rate as the company ramps capacity. CoWoS is used to combine compute dies and other components into s… TSMC says its most advanced chip packaging technology, CoWoS, is growing at an 80% compound annual growth rate as the company ramps capacity. CoWoS is used to combine compute dies and other component… [+1571 chars]",https://alltoc.com/tech/why-is-tsmc-cowos-capacity-expanding-fast,2026-04-09T06:01:25+00:00,Alltoc.com,AllToc,https://alltoc.com/cdn/1046/og.png
Supply Chain Constraints Threaten MacBook Neo Pricing Following Surge In Demand,"The MacBook Neo has achieved unprecedented sales success, yet this rapid adoption has created a critical logistical bottleneck for Apple. The device’s aggressive $599 price point was built upon a strategy of using repurposed components; however, soaring deman…","The MacBook Neo has achieved unprecedented sales success, yet this rapid adoption has created a critical logistical bottleneck for Apple. The devices aggressive $599 price point was built upon a stra… [+1992 chars]","Supply Chain Constraints Threaten MacBook Neo Pricing Following Surge In Demand The MacBook Neo has achieved unprecedented sales success, yet this rapid adoption has created a critical logistical bottleneck for Apple. The device’s aggressive $599 price point was built upon a strategy of using repurposed components; however, soaring deman… The MacBook Neo has achieved unprecedented sales success, yet this rapid adoption has created a critical logistical bottleneck for Apple. The devices aggressive $599 price point was built upon a stra… [+1992 chars]",https://www.ubergizmo.com/2026/04/supply-constraints-macbook-neo/,2026-04-08T15:00:13+00:00,Ubergizmo,Paulo Montenegro,https://i0.wp.com/cdnssl.ubergizmo.com/wp-content/uploads/2026/03/apple-macbook-neo-scaled.webp
Intel joins Musk’s Terafab as foundry partner in $25B chip megaproject,"In short: Intel has signed on as the primary foundry partner for Elon Musk’s Terafab, a $25 billion joint venture between Tesla, SpaceX, and xAI targeting a terawatt of AI compute per year, handing the struggling chip giant the marquee customer it has been se…","In short: Intel has signed on as the primary foundry partner for Elon Musks Terafab, a $25 billion joint venture between Tesla, SpaceX, and xAI targeting a terawatt of AI compute per year, handing th… [+9451 chars]","Intel joins Musk’s Terafab as foundry partner in $25B chip megaproject In short: Intel has signed on as the primary foundry partner for Elon Musk’s Terafab, a $25 billion joint venture between Tesla, SpaceX, and xAI targeting a terawatt of AI compute per year, handing the struggling chip giant the marquee customer it has been se… In short: Intel has signed on as the primary foundry partner for Elon Musks Terafab, a $25 billion joint venture between Tesla, SpaceX, and xAI targeting a terawatt of AI compute per year, handing th… [+9451 chars]",https://thenextweb.com/news/intel-terafab-elon-musk-foundry-partnership/,2026-04-08T14:59:04+00:00,The Next Web,Alina Maria Stan,https://cdn0.tnwcdn.com/wp-content/blogs.dir/1/files/2026/04/intel-terafab-elon-musk-foundry-partnership.png
Want a MacBook Neo? You'll be waiting 2-3 weeks for delivery — and rumor has it delays could get much worse,The MacBook Neo's success has a downside — Apple is struggling to fulfill orders.,"<ul><li>All flavors of the MacBook Neo are delayed by 2-3 weeks at Apple's online store</li><li>You'll be lucky to pick one up at a bricks-and-mortar Apple store in the US, too, although some outlets… [+5326 chars]","Want a MacBook Neo? You'll be waiting 2-3 weeks for delivery — and rumor has it delays could get much worse The MacBook Neo's success has a downside — Apple is struggling to fulfill orders. All flavors of the MacBook Neo are delayed by 2-3 weeks at Apple's online storeYou'll be lucky to pick one up at a bricks-and-mortar Apple store in the US, too, although some outlets… [+5326 chars]",https://www.techradar.com/computing/macbooks/want-a-macbook-neo-youll-be-waiting-2-3-weeks-for-delivery-and-rumor-has-it-delays-could-get-much-worse,2026-04-08T14:54:20+00:00,TechRadar,Darren Allan,https://cdn.mos.cms.futurecdn.net/GSDqq35KpJmKSorAUisTza-2560-80.jpg
Biggest problem with the MacBook Neo? It’s too popular!,"Apple has a problem that other companies can only dream of. It might completely sell out of the MacBook Neo.
(via Cult of Mac - Your source for the latest Apple news, rumors, analysis, reviews, how-tos and deals.)","Apple has a problem with the MacBook Neo that other companies can only dream of. AI image: Apple/Gemini/Cult of Mac
Want a MacBook Neo? Better order it soon. It’s possible Apple will sell out of the… [+4145 chars]","Biggest problem with the MacBook Neo? It’s too popular! Apple has a problem that other companies can only dream of. It might completely sell out of the MacBook Neo. (via Cult of Mac - Your source for the latest Apple news, rumors, analysis, reviews, how-tos and deals.) Apple has a problem with the MacBook Neo that other companies can only dream of. AI image: Apple/Gemini/Cult of Mac Want a MacBook Neo? Better order it soon. It’s possible Apple will sell out of the… [+4145 chars]",https://www.cultofmac.com/news/macbook-neo-sold-out-2,2026-04-08T14:42:51+00:00,Cult of Mac,Ed Hardy,https://www.cultofmac.com/wp-content/uploads/2026/04/MacBook-Neo-sold-out.jpg.webp
8GB of RAM Hasn’t Hurt MacBook Neo Sales at All,And you can bet Apple is already planning a sequel with slightly more RAM.,"The results are in. Customers are coming in hot for Apples $600 MacBook Neo and they don’t seem to care that the laptop has limited memory, given its gateway price into Apples computing ecosystem. No… [+3013 chars]","8GB of RAM Hasn’t Hurt MacBook Neo Sales at All And you can bet Apple is already planning a sequel with slightly more RAM. The results are in. Customers are coming in hot for Apples $600 MacBook Neo and they don’t seem to care that the laptop has limited memory, given its gateway price into Apples computing ecosystem. No… [+3013 chars]",https://gizmodo.com/8gb-of-ram-hasnt-hurt-macbook-neo-sales-at-all-2000743970,2026-04-08T14:30:14+00:00,Gizmodo.com,Kyle Barr,https://gizmodo.com/app/uploads/2026/03/Apple-Macbook-Neo-March-4th-8-1200x675.jpg
Analysis: ASML earnings preview; SK Hynix and TeraFab already facing EUV capacity difficulties,"Compared to short-term geopolitical turbulence, the AI megatrend represents a once-in-a-generation business opportunity. In the past, TSMC often took the lead during earnings season in releasing industry outlooks. This time, ASML will hold its earnings call f…","Compared to short-term geopolitical turbulence, the AI megatrend represents a once-in-a-generation business opportunity. In the past, TSMC often took the lead during earnings season in releasing indu… [+55 chars]","Analysis: ASML earnings preview; SK Hynix and TeraFab already facing EUV capacity difficulties Compared to short-term geopolitical turbulence, the AI megatrend represents a once-in-a-generation business opportunity. In the past, TSMC often took the lead during earnings season in releasing industry outlooks. This time, ASML will hold its earnings call f… Compared to short-term geopolitical turbulence, the AI megatrend represents a once-in-a-generation business opportunity. In the past, TSMC often took the lead during earnings season in releasing indu… [+55 chars]",https://www.digitimes.com/news/a20260408PD204/asml-earnings-euv-capacity-sk-hynix-tesla.html,2026-04-08T02:11:49+00:00,Digitimes,DIGITIMES,https://img.digitimes.com/newsshow/20260408pd204_files/1_b.jpg
Apple faces ‘massive dilemma’ with hot-selling hit MacBook Neo,"Apple is in discussions with its suppliers over a welcome dilemma: surging demand for the MacBook Neo has far exceeded expectations…
The post Apple faces ‘massive dilemma’ with hot-selling hit MacBook Neo appeared first on MacDailyNews.","Apple’s hit MacBook Neo
Apple is in discussions with its suppliers over a welcome dilemma: surging demand for the MacBook Neo has far exceeded expectations, according to Tim Culpan in his latest Cul… [+2803 chars]","Apple faces ‘massive dilemma’ with hot-selling hit MacBook Neo Apple is in discussions with its suppliers over a welcome dilemma: surging demand for the MacBook Neo has far exceeded expectations… The post Apple faces ‘massive dilemma’ with hot-selling hit MacBook Neo appeared first on MacDailyNews. Apple’s hit MacBook Neo Apple is in discussions with its suppliers over a welcome dilemma: surging demand for the MacBook Neo has far exceeded expectations, according to Tim Culpan in his latest Cul… [+2803 chars]",https://macdailynews.com/2026/04/07/apple-faces-massive-dilemma-with-hot-selling-hit-macbook-neo/,2026-04-07T16:30:55+00:00,Macdailynews.com,MacDailyNews,https://macdailynews.com/wp-content/uploads/2026/04/260407_macbook_neo.png
Intel Lands Musk’s $25 Billion Terafab: A Billion-Dollar Foundry Win in the Making?,"Fresh off reports Intel (NASDAQ:INTC) is in advanced talks with Google and Amazon (NASDAQ:AMZN) for advanced packaging services on custom AI chips, the...","<ul><li>Intel (INTC) joined Elon Musks $20B-$25B Terafab project with SpaceX, xAI, and Tesla (TSLA) as a foundry partner to produce advanced packaging and chips for AI and robotics, with shares up 2%… [+6143 chars]","Intel Lands Musk’s $25 Billion Terafab: A Billion-Dollar Foundry Win in the Making? Fresh off reports Intel (NASDAQ:INTC) is in advanced talks with Google and Amazon (NASDAQ:AMZN) for advanced packaging services on custom AI chips, the... Intel (INTC) joined Elon Musks $20B-$25B Terafab project with SpaceX, xAI, and Tesla (TSLA) as a foundry partner to produce advanced packaging and chips for AI and robotics, with shares up 2%… [+6143 chars]",https://247wallst.com/investing/2026/04/07/intel-lands-musks-25-billion-terafab-a-billion-dollar-foundry-win-in-the-making/,2026-04-07T16:18:33+00:00,24/7 Wall St.,Rich Duprey,https://s.yimg.com/ny/api/res/1.2/QJ4bOXUw9tIVGY.hmVGoQg--/YXBwaWQ9aGlnaGxhbmRlcjt3PTEyMDA7aD04MDA-/https://media.zenfs.com/en/24_7_wall_st__718/42e20d654f02e9e4c737c3ff92b1b780
Intel joins Tesla's TeraFab chip project with SpaceX and xAI to meet growing demand for AI and robotics,This is exactly the kind of anchor customer the Intel Foundry business has been trying to land since Pat Gelsinger first pitched IDM 2.0.Continue reading at TweakTown,"Tesla's TeraFab project is a joint venture between Tesla, SpaceX, and xAI, dubbed by Elon Musk as ""the most epic chip-building exercise in history."" Tesla claims its $25 billion Austin chip factory w… [+2283 chars]","Intel joins Tesla's TeraFab chip project with SpaceX and xAI to meet growing demand for AI and robotics This is exactly the kind of anchor customer the Intel Foundry business has been trying to land since Pat Gelsinger first pitched IDM 2.0.Continue reading at TweakTown Tesla's TeraFab project is a joint venture between Tesla, SpaceX, and xAI, dubbed by Elon Musk as ""the most epic chip-building exercise in history."" Tesla claims its $25 billion Austin chip factory w… [+2283 chars]",https://www.tweaktown.com/news/110915/intel-joins-teslas-terafab-chip-project-with-spacex-and-xai-to-meet-growing-demand-for-ai-and-robotics/index.html,2026-04-07T15:54:01+00:00,TweakTown,Hassam Nasir,https://static.tweaktown.com/news/1/1/110915_2_intel-says-it-joins-teslas-terafab-chip-project_full.png
Intel will help build Elon Musk’s Terafab AI chip factory,"Elon Musk's Terafab AI chip project in Austin, Texas, is gaining a crucial new partner: Intel. On Tuesday, the American chipmaker announced it was signing on to help design and build the sprawling facility, which would supply AI chips to Musk's two companies,…","<ul><li></li><li></li><li></li></ul>
The chipmaker will help design and build a semiconductor factory for SpaceX and Tesla.
The chipmaker will help design and build a semiconductor factory for Spac… [+4035 chars]","Intel will help build Elon Musk’s Terafab AI chip factory Elon Musk's Terafab AI chip project in Austin, Texas, is gaining a crucial new partner: Intel. On Tuesday, the American chipmaker announced it was signing on to help design and build the sprawling facility, which would supply AI chips to Musk's two companies,… The chipmaker will help design and build a semiconductor factory for SpaceX and Tesla. The chipmaker will help design and build a semiconductor factory for Spac… [+4035 chars]",https://www.theverge.com/transportation/907976/elon-musk-terafab-intel-ai-chip-spacex-tesla,2026-04-07T15:44:06+00:00,The Verge,Andrew J. Hawkins,https://platform.theverge.com/wp-content/uploads/sites/2/2025/01/acastro_STK094_02.jpeg?quality=90&strip=all&crop=0%2C10.732984293194%2C100%2C78.534031413613&w=1200
Intel Stock Surges on $14.2B Ireland Fab Buyback as Chipmaker Signals Turnaround Momentum,"Intel Corp. shares climbed more than 2.5% in early trading Tuesday as the semiconductor giant continues to ride optimism from a major deal that gives it full control of a key European manufacturing plant, part of a broader push to reclaim leadership in advanc…",Intel Corp. shares climbed more than 2.5% in early trading Tuesday as the semiconductor giant continues to ride optimism from a major deal that gives it full control of a key European manufacturing p… [+7641 chars],"Intel Stock Surges on $14.2B Ireland Fab Buyback as Chipmaker Signals Turnaround Momentum Intel Corp. shares climbed more than 2.5% in early trading Tuesday as the semiconductor giant continues to ride optimism from a major deal that gives it full control of a key European manufacturing plant, part of a broader push to reclaim leadership in advanc… Intel Corp. shares climbed more than 2.5% in early trading Tuesday as the semiconductor giant continues to ride optimism from a major deal that gives it full control of a key European manufacturing p… [+7641 chars]",https://www.ibtimes.com.au/intel-stock-surges-142b-ireland-fab-buyback-chipmaker-signals-turnaround-momentum-1865696,2026-04-07T14:40:12+00:00,Ibtimes.com.au,Mike Clair,https://d.ibtimes.com.au/en/full/1893432/intel-stock-surges-142b-ireland-fab-buyback-chipmaker.png
Apple faces supply chain problem as MacBook Neo demand exceeds expectations,"The new MacBook Neo has apparently been a smash hit, and Apple will likely talk up its success at its next quarterly earnings call. But, in what can be considered a good problem to have, Apple is facing a bit of a supply chain predicament. Its stock of A18 Pr…","The new MacBook Neo has apparently been a smash hit, and Apple will likely talk up its success at its next quarterly earnings call. But, in what can be considered a good problem to have, Apple is fac… [+1916 chars]","Apple faces supply chain problem as MacBook Neo demand exceeds expectations The new MacBook Neo has apparently been a smash hit, and Apple will likely talk up its success at its next quarterly earnings call. But, in what can be considered a good problem to have, Apple is facing a bit of a supply chain predicament. Its stock of A18 Pr… The new MacBook Neo has apparently been a smash hit, and Apple will likely talk up its success at its next quarterly earnings call. But, in what can be considered a good problem to have, Apple is fac… [+1916 chars]",https://9to5mac.com/2026/04/07/apple-faces-supply-chain-problem-as-macbook-neo-demand-exceeds-expectations/,2026-04-07T14:06:31+00:00,9to5Mac,Benjamin Mayo,https://i0.wp.com/9to5mac.com/wp-content/uploads/sites/6/2026/04/apple-macbook-neo-colors.jpg?resize=1200%2C628&quality=82&strip=all&ssl=1
Tesla won’t really build its own chip fab — Intel is going to do it,"Tesla is not actually going to build its own chip fab. Intel is going to do it for them.



That’s the real takeaway from Intel’s announcement today that it is joining the “Terafab” project alongside Tesla, SpaceX, and xAI — the $25 billion Austin chip factor…","Tesla is not actually going to build its own chip fab. Intel is going to do it for them.
That’s the real takeaway from Intel’s announcement today that it is joining the Terafab project alongside Tes… [+3831 chars]","Tesla won’t really build its own chip fab — Intel is going to do it Tesla is not actually going to build its own chip fab. Intel is going to do it for them. That’s the real takeaway from Intel’s announcement today that it is joining the “Terafab” project alongside Tesla, SpaceX, and xAI — the $25 billion Austin chip factor… Tesla is not actually going to build its own chip fab. Intel is going to do it for them. That’s the real takeaway from Intel’s announcement today that it is joining the Terafab project alongside Tes… [+3831 chars]",http://electrek.co/2026/04/07/tesla-terafab-intel-joins-foundry/,2026-04-07T13:56:02+00:00,Electrek,Fred Lambert,https://i0.wp.com/electrek.co/wp-content/uploads/sites/3/2026/03/Tesla-SpaceX-terafab-e1774190764202.jpeg?resize=1200%2C628&quality=82&strip=all&ssl=1
Valuation in a time of AI,"Cash flow is a fact, earnings are an opinion and share price is a dream. A company’s total worth is the number of outstanding shares multiplied by their value. This product is called the market capitalization or Market Cap. That’s a simplification. If you wan…","Cash flow is a fact, earnings are an opinion and share price is a dream.
A company’s total worth is the number of outstanding shares multiplied by their value. This product is called the market capi… [+7795 chars]","Valuation in a time of AI Cash flow is a fact, earnings are an opinion and share price is a dream. A company’s total worth is the number of outstanding shares multiplied by their value. This product is called the market capitalization or Market Cap. That’s a simplification. If you wan… Cash flow is a fact, earnings are an opinion and share price is a dream. A company’s total worth is the number of outstanding shares multiplied by their value. This product is called the market capi… [+7795 chars]",https://asymco.com/2026/04/07/valuation-in-a-time-of-ai/,2026-04-07T13:30:00+00:00,Asymco.com,Horace Dediu,https://jetpack.com/redirect/?source=sigenerate&query=t%3DeyJpbWciOiJodHRwczpcL1wvYXN5bWNvLmNvbVwvd3AtY29udGVudFwvdXBsb2Fkc1wvMjAyNlwvMDNcL2ltYWdlLTE1LTYyMHgzMzQucG5nIiwidHh0IjoiVmFsdWF0aW9uIGluIGEgdGltZSBvZiBBSSIsInRlbXBsYXRlIjoiZnVsbHNjcmVlbiIsImZvbnQiOiJpbnRlciIsImJsb2dfaWQiOjI0Nzg1OTIxNX0.TeMfJR9j2rUiGtcx50DKrl3e8Np_wTZqHlv5NwRu4VsMQ
"Intel Pairs Up With Elon Musk on Grand “TeraFab” Project, Which Plans to Produce Chips at a Volume Significantly Larger Than Any Other Foundry","Intel Foundry might have witnessed its latest breakthrough, as Intel announced plans to join Tesla's TeraFab project, aiming to deliver 1 TW of compute capacity per year. Intel's Joining of Tesla's TeraFab Venture Could Bring 18A Directly To the Upcoming Prod…","Intel Foundry might have witnessed its latest breakthrough, as Intel announced plans to join Tesla's TeraFab project, aiming to deliver 1 TW of compute capacity per year.
This is a surprising develo… [+3579 chars]","Intel Pairs Up With Elon Musk on Grand “TeraFab” Project, Which Plans to Produce Chips at a Volume Significantly Larger Than Any Other Foundry Intel Foundry might have witnessed its latest breakthrough, as Intel announced plans to join Tesla's TeraFab project, aiming to deliver 1 TW of compute capacity per year. Intel's Joining of Tesla's TeraFab Venture Could Bring 18A Directly To the Upcoming Prod… Intel Foundry might have witnessed its latest breakthrough, as Intel announced plans to join Tesla's TeraFab project, aiming to deliver 1 TW of compute capacity per year. This is a surprising develo… [+3579 chars]",https://wccftech.com/intel-pairs-up-with-tesla-grand-terafab-project/,2026-04-07T13:18:08+00:00,Wccftech,Muhammad Zuhair,https://cdn.wccftech.com/wp-content/uploads/2026/04/Untitled-design-48-1-1920x1080.jpg
Global RAM shortage fuels ridiculous Mac wait times,"Whether for high-end configurations or base models, potential buyers face long wait times for Macs. Here's what to expect (and why).
(via Cult of Mac - Your source for the latest Apple news, rumors, analysis, reviews, how-tos and deals.)","Don't expect to find an M3 Ultra Mac Studio with lots of RAM. AI image: Gemini/Cult of Mac
Order a Mac Studio or Mac mini that’s loaded up with RAM, and you’ll wait until August for the delivery. Ye… [+3931 chars]","Global RAM shortage fuels ridiculous Mac wait times Whether for high-end configurations or base models, potential buyers face long wait times for Macs. Here's what to expect (and why). (via Cult of Mac - Your source for the latest Apple news, rumors, analysis, reviews, how-tos and deals.) Don't expect to find an M3 Ultra Mac Studio with lots of RAM. AI image: Gemini/Cult of Mac Order a Mac Studio or Mac mini that’s loaded up with RAM, and you’ll wait until August for the delivery. Ye… [+3931 chars]",https://www.cultofmac.com/news/mac-wait-times-ram-shortage,2026-04-07T12:00:20+00:00,Cult of Mac,Ed Hardy,https://www.cultofmac.com/wp-content/uploads/2026/04/Mac-wait-times-RAM-shortage.jpg.webp
Broadcom to supply Anthropic with 3.5 gigawatts of Google TPU capacity from 2027 — Claude pioneer says its annual revenue run rate has passed $30 billion,Broadcom disclosed in a securities filing on Monday that it’ll supply Anthropic with roughly 3.5 gigawatts of Google TPU capacity starting in 2027.,"Broadcom disclosed in a securities filing on Monday that it’ll supply Anthropic with roughly 3.5 gigawatts of Google TPU capacity starting in 2027, and separately committed to designing and supplying… [+3249 chars]","Broadcom to supply Anthropic with 3.5 gigawatts of Google TPU capacity from 2027 — Claude pioneer says its annual revenue run rate has passed $30 billion Broadcom disclosed in a securities filing on Monday that it’ll supply Anthropic with roughly 3.5 gigawatts of Google TPU capacity starting in 2027. Broadcom disclosed in a securities filing on Monday that it’ll supply Anthropic with roughly 3.5 gigawatts of Google TPU capacity starting in 2027, and separately committed to designing and supplying… [+3249 chars]",https://www.tomshardware.com/tech-industry/broadcom-expands-anthropic-deal-to-3-5gw-of-google-tpu-capacity-from-2027,2026-04-07T11:26:13+00:00,Tom's Hardware UK,Luke James,https://cdn.mos.cms.futurecdn.net/zbt6xP22zQEtnhcUBfMSvS-2000-80.jpg
Apple's this clever trick may shield iPhone 18 customers from price hike,"Amid rising component costs and memory price hikes, Apple is reportedly absorbing higher expenses for the upcoming iPhone 18 series to keep retail prices stable. The strategy involves securing large quantities of mobile DRAM at premium rates, potentially impa…","Apple appears to be preparing a clever strategy to shield customers from price increases on the upcoming iPhone 18 series, even as global component costs continue to climb.According to reports, the C… [+2207 chars]","Apple's this clever trick may shield iPhone 18 customers from price hike Amid rising component costs and memory price hikes, Apple is reportedly absorbing higher expenses for the upcoming iPhone 18 series to keep retail prices stable. The strategy involves securing large quantities of mobile DRAM at premium rates, potentially impa… Apple appears to be preparing a clever strategy to shield customers from price increases on the upcoming iPhone 18 series, even as global component costs continue to climb.According to reports, the C… [+2207 chars]",https://economictimes.indiatimes.com/news/new-updates/apple-uses-a-clever-trick-to-shield-iphone-18-customers-from-price-hike/articleshow/130083142.cms,2026-04-07T10:23:54+00:00,The Times of India,Trending Desk,"https://img.etimg.com/thumb/msid-130083492,width-1200,height-630,imgsize-40888,overlay-economictimes/articleshow.jpg"
"Samsung’s profit surged 8x in Q1 2026, driven by AI data center boom","Samsung announced today that its revenue reached KRW 133 trillion (around $100 billion) during the first quarter (Q1) of this year, while its operating profit stood at KRW 57.2 trillion (around $43 billion). That marks an eightfold increase compared to its pr…","Samsung announced today that its revenue reached KRW 133 trillion (around $100 billion) during the first quarter (Q1) of this year, while its operating profit stood at KRW 57.2 trillion (around $43 b… [+1434 chars]","Samsung’s profit surged 8x in Q1 2026, driven by AI data center boom Samsung announced today that its revenue reached KRW 133 trillion (around $100 billion) during the first quarter (Q1) of this year, while its operating profit stood at KRW 57.2 trillion (around $43 billion). That marks an eightfold increase compared to its pr… Samsung announced today that its revenue reached KRW 133 trillion (around $100 billion) during the first quarter (Q1) of this year, while its operating profit stood at KRW 57.2 trillion (around $43 b… [+1434 chars]",https://www.sammobile.com/news/samsungs-q1-2026-profit-8x-ai-data-centre-boom/,2026-04-07T03:31:18+00:00,SamMobile,Asif Iqbal Shaik,https://www.sammobile.com/wp-content/uploads/2026/01/Samsung-Logo-CES-2026-1-1200x675.jpg
Robots Eat Cars,"Modern cars are starting to operate on robot architecture, and that foreshadows how such architecture will spread to every industry that moves physical things.","Was this email forwarded to you? Sign up here for Telemetry.
Steer-by-wire is fundamentally a robotics control concept applied to an automotive use-case. via Hardware FYI
A car company just shut do… [+10143 chars]","Robots Eat Cars Modern cars are starting to operate on robot architecture, and that foreshadows how such architecture will spread to every industry that moves physical things. Was this email forwarded to you? Sign up here for Telemetry. Steer-by-wire is fundamentally a robotics control concept applied to an automotive use-case. via Hardware FYI A car company just shut do… [+10143 chars]",https://telemetry.endeff.com/p/robots-eat-cars,2026-04-07T02:50:58+00:00,Endeff.com,Jonathan 'JMill' Miller,https://beehiiv-images-production.s3.amazonaws.com/uploads/asset/file/280a14f0-e11c-45d3-8a83-4e5098ac1a84/d9ee3e51-951a-4797-819d-85fe4cb2980d_640x361.gif?t=1775233255
Weekly news roundup: China's special AI chip supply ends; TSMC plans 12 fabs in Arizona,"Below are the most-read DIGITIMES Asia stories from the week of March 30-April 5, 2026:","Below are the most-read DIGITIMES Asia stories from the week of March 30-April 5, 2026:
US Chip Security Act ends China's special AI chip supply
The proposed US Chip Security Act marks a major esca… [+7024 chars]","Weekly news roundup: China's special AI chip supply ends; TSMC plans 12 fabs in Arizona Below are the most-read DIGITIMES Asia stories from the week of March 30-April 5, 2026: Below are the most-read DIGITIMES Asia stories from the week of March 30-April 5, 2026: US Chip Security Act ends China's special AI chip supply The proposed US Chip Security Act marks a major esca… [+7024 chars]",https://www.digitimes.com/news/a20260407VL201/digitimes-asia-weekly-news-roundup-2026-ai-chip-nvidia-tsmc-arizona.html,2026-04-07T02:13:10+00:00,Digitimes,DIGITIMES,https://img.digitimes.com/newsshow/20260407vl201_files/2_r.jpg
"US lawmakers aim to ban export of DUV chipmaking and etching tools to leading firms in China — bipartisan proposal would ban lithography equipment for Huawei, SMIC, and others","Bipartisan group of U.S. senators propose to impose blanket ban on export of advanced DUV lithography and etching tools to Chinese companies known to have worked with China's military, such as CXMT, Huawei, SMIC, and YMTC.","A bipartisan group of U.S. senators has proposed a new law that would impose an almost blanked ban on exports of advanced wafer fabrication equipment (WFE) to select entities in adversary nations, a … [+5458 chars]","US lawmakers aim to ban export of DUV chipmaking and etching tools to leading firms in China — bipartisan proposal would ban lithography equipment for Huawei, SMIC, and others Bipartisan group of U.S. senators propose to impose blanket ban on export of advanced DUV lithography and etching tools to Chinese companies known to have worked with China's military, such as CXMT, Huawei, SMIC, and YMTC. A bipartisan group of U.S. senators has proposed a new law that would impose an almost blanked ban on exports of advanced wafer fabrication equipment (WFE) to select entities in adversary nations, a … [+5458 chars]",https://www.tomshardware.com/tech-industry/semiconductors/u-s-lawmakers-aim-to-ban-export-of-duv-chipmaking-and-etching-tools-to-leading-firms-in-china-bipartisan-proposal-would-ban-lithography-equipment-for-huawei-smic-and-others,2026-04-06T19:59:55+00:00,Tom's Hardware UK,"ashilov@gmail.com (Anton Shilov) , Anton Shilov",https://cdn.mos.cms.futurecdn.net/5Mq4J9jfCyPqV9qsyhUWe8-1920-80.jpg
"Why TSMC grew four times faster than its foundry rivals in 2025 — price hikes, vertical integration, and commanding technology lead pay dividends","That lopsided split isn’t a one-quarter anomaly or a function of a single product cycle, but instead reflects three massive advantages held by TSMC.","Counterpoint Research's full-year Foundry Market Supply Tracker estimated that the global semiconductor foundry market generated a record $320 billion in revenue in 2025, growing 16% year-over-year. … [+7131 chars]","Why TSMC grew four times faster than its foundry rivals in 2025 — price hikes, vertical integration, and commanding technology lead pay dividends That lopsided split isn’t a one-quarter anomaly or a function of a single product cycle, but instead reflects three massive advantages held by TSMC. Counterpoint Research's full-year Foundry Market Supply Tracker estimated that the global semiconductor foundry market generated a record $320 billion in revenue in 2025, growing 16% year-over-year. … [+7131 chars]",https://www.tomshardware.com/tech-industry/why-tsmc-grew-four-times-faster-than-its-foundry-rivals-in-2025,2026-04-06T19:07:23+00:00,Tom's Hardware UK,Luke James,https://cdn.mos.cms.futurecdn.net/ccriH99hinz37Jq6RzYJFb-1920-80.jpg
"Intel’s Advanced Packaging Is Getting the Attention It Needs From AI Customers, With EMIB Gaining Ground Against TSMC’s CoWoS","Intel's advanced packaging services have been a significant opportunity for the foundry division in recent times, and now it seems customer interest is flowing in. Intel's Advanced Packaging Has Already Seen ""Billions"" In Customer Commitments This Year Advanc…","Intel's advanced packaging services have been a significant opportunity for the foundry division in recent times, and now it seems customer interest is flowing in.
Advanced packaging has become a co… [+2661 chars]","Intel’s Advanced Packaging Is Getting the Attention It Needs From AI Customers, With EMIB Gaining Ground Against TSMC’s CoWoS Intel's advanced packaging services have been a significant opportunity for the foundry division in recent times, and now it seems customer interest is flowing in. Intel's Advanced Packaging Has Already Seen ""Billions"" In Customer Commitments This Year Advanc… Intel's advanced packaging services have been a significant opportunity for the foundry division in recent times, and now it seems customer interest is flowing in. Advanced packaging has become a co… [+2661 chars]",https://wccftech.com/intels-advanced-packaging-is-getting-the-attention-it-needs-from-ai-customers/,2026-04-06T16:53:26+00:00,Wccftech,Muhammad Zuhair,https://cdn.wccftech.com/wp-content/uploads/2026/01/Intel-Advanced-Packaging-Solutions-EMIB-1920x1080.png
TSMC Is Set to Talk About the Biggest Risk It Faces with Chip Production Right Now; One That Could Derail the AI Frenzy,"TSMC's earnings call is scheduled for April 16, and one of the key factors the industry is watching is the potential consequence of supply chain disruptions, amid the Middle East crisis. Taiwan's Reliance on LNG Imports From the Middle East Has Turned Out To …","TSMC's earnings call is scheduled for April 16, and one of the key factors the industry is watching is the potential consequence of supply chain disruptions, amid the Middle East crisis.
The AI indu… [+2646 chars]","TSMC Is Set to Talk About the Biggest Risk It Faces with Chip Production Right Now; One That Could Derail the AI Frenzy TSMC's earnings call is scheduled for April 16, and one of the key factors the industry is watching is the potential consequence of supply chain disruptions, amid the Middle East crisis. Taiwan's Reliance on LNG Imports From the Middle East Has Turned Out To … TSMC's earnings call is scheduled for April 16, and one of the key factors the industry is watching is the potential consequence of supply chain disruptions, amid the Middle East crisis. The AI indu… [+2646 chars]",https://wccftech.com/tsmc-is-set-to-talk-about-the-biggest-risk-it-faces-with-chip-production/,2026-04-06T15:18:15+00:00,Wccftech,Muhammad Zuhair,https://cdn.wccftech.com/wp-content/uploads/2025/11/TSMC-1.jpg
Is Taiwan Semiconductor (TSM) The Best Undervalued AI Stock to Buy Now?,We just covered the 10 Best Stocks to Buy According to Billionaire Ken Griffin. Taiwan Semiconductor Manufacturing Company (NYSE:TSM) ranks #10 (see the 5...,"We just covered the
10 Best Stocks to Buy According to Billionaire Ken Griffin. Taiwan Semiconductor Manufacturing Company (NYSE:TSM) ranks #10 (see the 5 Best Stocks to Buy According to Ken Griffin… [+1744 chars]",Is Taiwan Semiconductor (TSM) The Best Undervalued AI Stock to Buy Now? We just covered the 10 Best Stocks to Buy According to Billionaire Ken Griffin. Taiwan Semiconductor Manufacturing Company (NYSE:TSM) ranks #10 (see the 5... We just covered the 10 Best Stocks to Buy According to Billionaire Ken Griffin. Taiwan Semiconductor Manufacturing Company (NYSE:TSM) ranks #10 (see the 5 Best Stocks to Buy According to Ken Griffin… [+1744 chars],https://finance.yahoo.com/markets/stocks/articles/taiwan-semiconductor-tsm-best-undervalued-135522775.html,2026-04-06T13:55:22+00:00,Yahoo Entertainment,Fahad Saleem,https://s.yimg.com/os/en/insidermonkey.com/dc08536c2ac54769f2925fe03dad5f5e
